proposta_id,cliente_id,valor_proposta,status_proposta,data_envio
1,49,32202,Perdida,2025-10-19
2,163,27663,Perdida,2025-08-08
3,397,25524,Perdida,2025-12-16
4,202,24558,Perdida,2025-09-03
5,253,12956,Em negociação,2025-07-23
6,53,6919,Ganha,2025-12-26
7,72,11890,Em negociação,2025-07-05
8,371,33552,Ganha,2025-12-06
9,98,29174,Em negociação,2025-08-13
10,3,8440,Ganha,2025-12-17
11,57,8145,Em negociação,2025-12-09
12,136,26582,Perdida,2025-09-22
13,139,16163,Em negociação,2025-08-01
14,236,12857,Ganha,2025-11-21
15,386,32085,Perdida,2025-07-10
16,63,39194,Perdida,2025-08-03
17,245,37119,Em negociação,2025-10-07
18,396,36634,Ganha,2025-10-22
19,393,24414,Perdida,2025-09-29
20,286,20884,Perdida,2025-11-06
21,356,10112,Ganha,2025-08-24
22,31,18924,Ganha,2025-11-03
23,240,30235,Ganha,2025-12-02
24,175,18674,Em negociação,2025-08-15
25,264,25536,Perdida,2025-10-10
26,363,34754,Perdida,2025-08-21
27,55,13523,Ganha,2025-09-26
28,198,34650,Em negociação,2025-08-19
29,104,31227,Ganha,2025-10-18
30,217,15760,Perdida,2025-08-03
31,332,11688,Ganha,2025-12-01
32,382,12222,Ganha,2025-09-02
33,96,22482,Ganha,2025-07-12
34,272,34664,Perdida,2025-11-28
35,475,10509,Perdida,2025-11-04
36,78,31013,Perdida,2025-08-20
37,171,8483,Perdida,2025-09-25
38,51,8220,Perdida,2025-09-11
39,100,24267,Ganha,2025-11-13
40,305,23083,Perdida,2025-08-24
41,266,33414,Ganha,2025-12-16
42,331,21314,Em negociação,2025-11-02
43,59,8482,Em negociação,2025-08-03
44,137,20647,Ganha,2025-12-03
45,142,19841,Em negociação,2025-07-02
46,367,31513,Perdida,2025-12-03
47,113,22581,Perdida,2025-11-15
48,403,18341,Ganha,2025-10-16
49,362,23872,Perdida,2025-12-04
50,95,37980,Em negociação,2025-07-22
51,245,25009,Em negociação,2025-07-05
52,123,16156,Ganha,2025-12-11
53,86,17277,Ganha,2025-09-03
54,73,5834,Perdida,2025-09-10
55,172,6364,Ganha,2025-10-22
56,452,10044,Ganha,2025-12-26
57,305,28078,Em negociação,2025-08-01
58,1,37001,Em negociação,2025-08-30
59,57,7960,Em negociação,2025-08-05
60,349,24048,Em negociação,2025-08-16
61,258,15964,Perdida,2025-12-04
62,52,24962,Em negociação,2025-10-04
63,232,37156,Perdida,2025-08-11
64,132,36882,Ganha,2025-09-02
65,7,28109,Ganha,2025-10-04
66,457,38936,Perdida,2025-07-29
67,248,12389,Ganha,2025-08-18
68,373,6358,Ganha,2025-09-14
69,439,19434,Perdida,2025-11-22
70,183,37625,Ganha,2025-08-03
71,380,33227,Perdida,2025-12-06
72,100,29758,Perdida,2025-10-19
73,450,34443,Em negociação,2025-08-16
74,90,22387,Em negociação,2025-09-30
75,455,26705,Perdida,2025-09-13
76,484,23104,Ganha,2025-12-18
77,297,39083,Perdida,2025-07-25
78,63,33407,Perdida,2025-08-05
79,496,27740,Ganha,2025-12-26
80,256,14642,Perdida,2025-11-20
81,268,23991,Perdida,2025-07-11
82,84,24899,Perdida,2025-12-12
83,410,24315,Ganha,2025-12-18
84,112,23547,Em negociação,2025-11-27
85,28,37005,Ganha,2025-09-09
86,181,5042,Ganha,2025-11-23
87,180,23564,Perdida,2025-08-22
88,341,15160,Em negociação,2025-10-20
89,74,17892,Perdida,2025-12-08
90,149,19343,Ganha,2025-09-29
91,128,30312,Perdida,2025-12-03
92,458,22121,Em negociação,2025-07-29
93,160,16357,Perdida,2025-07-08
94,449,26134,Em negociação,2025-11-23
95,350,18074,Ganha,2025-09-13
96,284,18075,Ganha,2025-12-07
97,153,35222,Perdida,2025-09-23
98,401,33632,Ganha,2025-08-16
99,227,25529,Perdida,2025-07-06
100,365,28432,Perdida,2025-09-10
101,239,32558,Em negociação,2025-09-01
102,15,6731,Em negociação,2025-09-12
103,46,14213,Perdida,2025-10-12
104,403,20902,Perdida,2025-09-24
105,66,24224,Ganha,2025-09-19
106,65,31407,Perdida,2025-09-01
107,414,38948,Perdida,2025-12-15
108,44,8584,Ganha,2025-07-15
109,55,26855,Perdida,2025-10-15
110,290,36553,Perdida,2025-12-13
111,63,38477,Perdida,2025-12-15
112,360,18439,Perdida,2025-08-07
113,380,37460,Ganha,2025-07-09
114,328,15143,Ganha,2025-10-10
115,369,5422,Em negociação,2025-07-22
116,353,18153,Ganha,2025-12-28
117,79,12932,Perdida,2025-10-26
118,105,11789,Perdida,2025-08-21
119,228,30605,Ganha,2025-11-27
120,154,31513,Perdida,2025-11-11
121,420,20396,Em negociação,2025-08-11
122,134,33778,Em negociação,2025-07-24
123,64,33334,Ganha,2025-12-23
124,95,14285,Em negociação,2025-07-13
125,124,16191,Perdida,2025-07-02
126,280,18130,Perdida,2025-10-15
127,149,11554,Em negociação,2025-08-24
128,189,23034,Perdida,2025-07-03
129,410,12034,Perdida,2025-09-11
130,76,6833,Ganha,2025-11-28
131,289,30521,Ganha,2025-10-12
132,18,34129,Ganha,2025-09-29
133,493,14129,Perdida,2025-09-02
134,142,5597,Em negociação,2025-09-28
135,257,37978,Ganha,2025-08-16
136,200,38622,Ganha,2025-07-14
137,78,28059,Perdida,2025-08-06
138,174,35112,Perdida,2025-11-23
139,143,24852,Em negociação,2025-12-11
140,470,36702,Perdida,2025-08-30
141,311,16821,Perdida,2025-08-21
142,398,39434,Ganha,2025-07-03
143,166,27812,Perdida,2025-09-16
144,35,7944,Ganha,2025-11-18
145,119,11326,Perdida,2025-08-23
146,479,36222,Ganha,2025-10-30
147,396,20506,Ganha,2025-11-14
148,373,30171,Perdida,2025-09-12
149,473,9218,Ganha,2025-10-25
150,59,7452,Em negociação,2025-12-10
151,227,29531,Perdida,2025-12-21
152,473,16407,Ganha,2025-07-03
153,231,29748,Ganha,2025-07-18
154,294,18089,Ganha,2025-08-25
155,225,23749,Ganha,2025-11-17
156,223,39637,Em negociação,2025-11-09
157,45,6588,Perdida,2025-07-10
158,50,18339,Ganha,2025-11-23
159,458,5343,Perdida,2025-09-15
160,291,9716,Ganha,2025-07-07
161,374,39613,Perdida,2025-11-05
162,293,36046,Perdida,2025-09-28
163,317,14035,Em negociação,2025-09-07
164,219,29649,Em negociação,2025-08-05
165,41,13335,Perdida,2025-10-13
166,52,12728,Perdida,2025-12-15
167,308,26687,Ganha,2025-10-15
168,473,21474,Perdida,2025-09-28
169,35,15345,Em negociação,2025-12-09
170,274,20820,Em negociação,2025-07-25
171,257,25462,Perdida,2025-12-14
172,280,12266,Perdida,2025-10-22
173,335,6964,Ganha,2025-09-12
174,134,18140,Ganha,2025-12-13
175,72,18384,Perdida,2025-10-05
176,474,9084,Ganha,2025-12-10
177,413,7317,Ganha,2025-12-10
178,487,32278,Perdida,2025-07-25
179,476,10281,Em negociação,2025-08-28
180,485,13484,Ganha,2025-12-18
181,54,7333,Perdida,2025-11-01
182,333,27954,Perdida,2025-10-12
183,401,19926,Ganha,2025-12-14
184,14,17856,Perdida,2025-09-22
185,350,6185,Perdida,2025-12-15
186,199,29722,Perdida,2025-09-09
187,360,32972,Perdida,2025-11-29
188,225,12732,Em negociação,2025-09-25
189,181,17690,Ganha,2025-12-14
190,122,20206,Ganha,2025-12-26
191,117,32070,Perdida,2025-08-13
192,291,8000,Em negociação,2025-12-25
193,448,21378,Em negociação,2025-12-09
194,30,13304,Perdida,2025-10-17
195,23,25586,Ganha,2025-07-14
196,456,21006,Em negociação,2025-11-25
197,311,31071,Perdida,2025-11-27
198,337,10033,Ganha,2025-08-11
199,106,37435,Perdida,2025-09-28
200,460,19436,Perdida,2025-10-12
201,483,29047,Perdida,2025-10-15
202,445,21004,Perdida,2025-10-21
203,164,37993,Ganha,2025-10-01
204,462,31924,Perdida,2025-07-22
205,249,23335,Ganha,2025-11-23
206,431,39143,Ganha,2025-08-09
207,108,13044,Perdida,2025-11-22
208,19,20407,Perdida,2025-07-15
209,392,34737,Em negociação,2025-12-23
210,256,7212,Ganha,2025-07-31
211,197,24687,Em negociação,2025-12-07
212,31,23290,Em negociação,2025-09-21
213,254,6235,Em negociação,2025-09-21
214,228,7910,Ganha,2025-09-22
215,95,33251,Perdida,2025-07-12
216,157,7051,Perdida,2025-09-30
217,480,6703,Em negociação,2025-10-03
218,473,22205,Em negociação,2025-07-30
219,111,6792,Ganha,2025-07-22
220,223,33019,Perdida,2025-12-14
221,414,12157,Perdida,2025-07-08
222,148,35376,Perdida,2025-08-05
223,394,39007,Ganha,2025-09-22
224,240,20612,Ganha,2025-12-25
225,144,22982,Ganha,2025-10-26
226,395,24387,Ganha,2025-09-18
227,20,22974,Perdida,2025-07-13
228,129,5808,Ganha,2025-08-05
229,339,26036,Em negociação,2025-11-13
230,228,35325,Ganha,2025-12-26
231,239,7425,Em negociação,2025-08-28
232,327,19276,Perdida,2025-08-02
233,481,10213,Ganha,2025-07-25
234,283,25580,Em negociação,2025-09-07
235,93,21908,Perdida,2025-10-19
236,133,37435,Ganha,2025-07-20
237,90,14627,Em negociação,2025-07-14
238,26,20248,Ganha,2025-12-19
239,95,38208,Em negociação,2025-08-02
240,163,7749,Perdida,2025-10-31
241,32,21977,Em negociação,2025-12-24
242,348,28156,Perdida,2025-12-17
243,308,20381,Ganha,2025-12-09
244,260,34085,Ganha,2025-12-09
245,122,18372,Ganha,2025-09-24
246,425,32260,Ganha,2025-09-10
247,449,23552,Ganha,2025-10-06
248,311,28611,Ganha,2025-09-15
249,460,29557,Perdida,2025-10-14
250,319,7041,Ganha,2025-12-17
251,149,14834,Em negociação,2025-12-22
252,55,18859,Em negociação,2025-08-20
253,367,38304,Perdida,2025-10-01
254,482,19081,Perdida,2025-08-01
255,17,14835,Perdida,2025-07-15
256,41,10066,Em negociação,2025-11-01
257,290,37997,Em negociação,2025-07-20
258,281,32399,Perdida,2025-11-27
259,434,39587,Perdida,2025-07-26
260,242,39370,Perdida,2025-10-08
261,138,17781,Em negociação,2025-10-14
262,467,20992,Ganha,2025-09-27
263,119,34872,Ganha,2025-11-29
264,355,20797,Perdida,2025-09-15
265,186,10222,Perdida,2025-08-21
266,40,28743,Perdida,2025-07-27
267,118,34423,Perdida,2025-10-31
268,292,13210,Em negociação,2025-10-27
269,398,31713,Perdida,2025-07-11
270,71,22057,Perdida,2025-10-02
271,161,12730,Ganha,2025-09-12
272,259,14725,Perdida,2025-07-20
273,452,17982,Em negociação,2025-09-03
274,8,15929,Ganha,2025-10-22
275,392,35792,Perdida,2025-11-26
276,446,7233,Em negociação,2025-12-22
277,354,15940,Em negociação,2025-11-25
278,264,39688,Em negociação,2025-09-11
279,182,13352,Perdida,2025-08-08
280,124,24227,Ganha,2025-10-03
281,303,12062,Em negociação,2025-12-17
282,38,28262,Em negociação,2025-09-15
283,323,34475,Perdida,2025-09-08
284,149,36267,Perdida,2025-11-12
285,371,38382,Ganha,2025-12-27
286,304,29240,Perdida,2025-09-03
287,195,26000,Perdida,2025-08-20
288,370,23304,Em negociação,2025-12-04
289,119,24487,Perdida,2025-12-16
290,289,38926,Em negociação,2025-08-02
291,261,32963,Ganha,2025-09-21
292,164,16692,Em negociação,2025-12-18
293,417,18807,Perdida,2025-10-18
294,295,25602,Ganha,2025-10-17
295,85,12769,Ganha,2025-08-26
296,225,19656,Em negociação,2025-10-16
297,481,22001,Em negociação,2025-12-01
298,474,20183,Perdida,2025-11-22
299,50,18555,Perdida,2025-08-20
300,387,16065,Ganha,2025-12-18
301,492,17788,Ganha,2025-12-22
302,190,18313,Ganha,2025-08-04
303,219,34152,Perdida,2025-09-03
304,152,12183,Perdida,2025-11-28
305,228,33328,Perdida,2025-12-06
306,443,13966,Em negociação,2025-07-10
307,60,28181,Em negociação,2025-11-02
308,373,9872,Ganha,2025-08-21
309,172,23095,Perdida,2025-08-19
310,345,9855,Perdida,2025-10-09
311,457,7513,Perdida,2025-08-17
312,163,17477,Em negociação,2025-07-12
313,429,7335,Em negociação,2025-07-21
314,5,21116,Ganha,2025-09-23
315,447,19431,Perdida,2025-10-22
316,241,14924,Perdida,2025-11-11
317,376,37553,Ganha,2025-11-08
318,326,10813,Em negociação,2025-11-04
319,2,33463,Ganha,2025-08-08
320,313,18667,Perdida,2025-12-19
321,215,22240,Perdida,2025-07-20
322,299,20382,Perdida,2025-08-27
323,272,16800,Em negociação,2025-10-30
324,449,24144,Perdida,2025-08-25
325,408,30703,Perdida,2025-08-11
326,247,24360,Ganha,2025-11-30
327,494,23826,Perdida,2025-09-05
328,167,21213,Perdida,2025-11-29
329,91,35456,Em negociação,2025-07-12
330,59,27778,Perdida,2025-11-26
331,397,36702,Em negociação,2025-08-25
332,308,32001,Perdida,2025-12-21
333,149,22558,Perdida,2025-09-15
334,32,26180,Ganha,2025-10-08
335,211,30649,Em negociação,2025-09-11
336,205,22085,Em negociação,2025-10-21
337,249,19348,Ganha,2025-12-17
338,158,34336,Perdida,2025-08-04
339,449,15914,Perdida,2025-07-21
340,57,26606,Ganha,2025-08-12
341,11,6383,Em negociação,2025-12-05
342,400,26842,Em negociação,2025-08-09
343,33,8225,Perdida,2025-09-27
344,275,18004,Em negociação,2025-08-13
345,203,20029,Ganha,2025-11-17
346,467,29502,Ganha,2025-11-03
347,284,21299,Em negociação,2025-12-19
348,433,6312,Perdida,2025-08-16
349,53,37866,Perdida,2025-08-26
350,22,15285,Ganha,2025-12-22
351,118,21207,Ganha,2025-11-27
352,417,29763,Perdida,2025-11-25
353,419,22694,Em negociação,2025-12-09
354,38,38063,Perdida,2025-09-13
355,11,5966,Perdida,2025-08-12
356,310,14951,Ganha,2025-07-31
357,406,30632,Ganha,2025-07-26
358,440,25459,Perdida,2025-09-11
359,263,6535,Ganha,2025-09-02
360,104,11532,Ganha,2025-07-14
361,296,35893,Perdida,2025-09-10
362,48,19565,Em negociação,2025-08-07
363,143,36676,Ganha,2025-07-02
364,274,38200,Ganha,2025-12-24
365,255,30797,Em negociação,2025-08-11
366,366,12097,Perdida,2025-08-03
367,500,6631,Perdida,2025-10-30
368,229,29236,Perdida,2025-12-01
369,330,25356,Ganha,2025-07-20
370,500,10481,Ganha,2025-11-15
371,107,37100,Perdida,2025-12-07
372,73,31423,Perdida,2025-08-29
373,268,20232,Ganha,2025-08-24
374,130,31991,Ganha,2025-10-03
375,428,14870,Ganha,2025-07-05
376,290,31642,Em negociação,2025-10-21
377,354,18711,Perdida,2025-08-25
378,280,37755,Ganha,2025-07-15
379,121,26091,Perdida,2025-08-27
380,264,10336,Em negociação,2025-09-11
381,359,10079,Perdida,2025-12-25
382,83,39074,Perdida,2025-11-16
383,102,33678,Em negociação,2025-11-29
384,20,32799,Perdida,2025-07-21
385,412,39379,Perdida,2025-08-10
386,215,31175,Ganha,2025-11-28
387,223,24282,Perdida,2025-07-08
388,139,39241,Ganha,2025-09-24
389,289,15875,Ganha,2025-08-17
390,351,18399,Em negociação,2025-09-24
391,266,21465,Perdida,2025-11-05
392,480,26638,Em negociação,2025-11-24
393,85,39365,Perdida,2025-08-29
394,6,25820,Perdida,2025-11-20
395,241,9394,Em negociação,2025-12-27
396,160,17299,Ganha,2025-12-04
397,276,35054,Ganha,2025-12-13
398,320,35716,Perdida,2025-12-11
399,180,19813,Ganha,2025-12-25
400,476,17624,Ganha,2025-09-10
401,300,25037,Perdida,2025-09-16
402,479,21695,Perdida,2025-07-17
403,338,18276,Ganha,2025-11-19
404,53,19184,Ganha,2025-10-22
405,289,11705,Ganha,2025-08-17
406,301,30096,Ganha,2025-07-30
407,310,23169,Em negociação,2025-07-24
408,343,36025,Ganha,2025-12-28
409,402,20193,Em negociação,2025-12-05
410,476,14600,Ganha,2025-08-29
411,448,5016,Ganha,2025-12-15
412,71,38535,Em negociação,2025-09-11
413,341,35912,Ganha,2025-08-22
414,390,12687,Ganha,2025-09-19
415,194,30266,Perdida,2025-09-29
416,160,39208,Ganha,2025-12-08
417,453,19018,Em negociação,2025-07-19
418,427,23201,Perdida,2025-09-08
419,287,33943,Perdida,2025-10-25
420,351,12880,Perdida,2025-09-08
421,334,27818,Ganha,2025-09-26
422,438,35544,Perdida,2025-10-01
423,373,32792,Ganha,2025-08-07
424,449,17516,Perdida,2025-11-13
425,478,5699,Ganha,2025-09-27
426,270,17772,Ganha,2025-10-10
427,169,11167,Em negociação,2025-10-25
428,258,5851,Perdida,2025-12-20
429,332,23019,Perdida,2025-09-18
430,23,21583,Ganha,2025-12-14
431,498,6994,Em negociação,2025-08-30
432,312,34784,Perdida,2025-08-29
433,384,11808,Ganha,2025-12-21
434,314,15039,Perdida,2025-11-13
435,446,13627,Ganha,2025-11-28
436,29,34057,Perdida,2025-12-13
437,161,11388,Em negociação,2025-10-18
438,437,17725,Perdida,2025-12-24
439,171,25740,Em negociação,2025-11-15
440,464,29002,Perdida,2025-07-11
441,207,32287,Em negociação,2025-07-10
442,32,9256,Ganha,2025-08-22
443,76,22474,Ganha,2025-09-06
444,23,23056,Perdida,2025-07-05
445,259,31820,Ganha,2025-12-28
446,160,22941,Perdida,2025-11-28
447,175,35556,Perdida,2025-07-03
448,45,35343,Ganha,2025-12-05
449,94,10663,Ganha,2025-07-30
450,321,6317,Perdida,2025-12-26
451,112,29545,Perdida,2025-10-26
452,158,17523,Perdida,2025-11-25
453,159,8495,Perdida,2025-10-16
454,92,23282,Ganha,2025-10-09
455,212,19808,Em negociação,2025-10-20
456,453,18056,Ganha,2025-10-14
457,133,33809,Ganha,2025-08-25
458,182,28829,Ganha,2025-07-17
459,268,34469,Em negociação,2025-07-06
460,426,16172,Ganha,2025-08-01
461,198,15204,Perdida,2025-11-05
462,360,33433,Ganha,2025-07-07
463,408,23919,Ganha,2025-07-02
464,496,38014,Perdida,2025-10-21
465,47,38637,Perdida,2025-10-23
466,112,35650,Ganha,2025-11-29
467,265,17217,Perdida,2025-08-31
468,301,26167,Perdida,2025-09-23
469,338,7218,Ganha,2025-12-02
470,323,28519,Em negociação,2025-12-26
471,82,32617,Perdida,2025-10-03
472,332,11567,Ganha,2025-09-28
473,157,15665,Perdida,2025-11-11
474,386,6425,Perdida,2025-07-24
475,234,33506,Perdida,2025-08-29
476,428,20963,Ganha,2025-09-24
477,308,27143,Perdida,2025-09-17
478,154,7629,Em negociação,2025-10-30
479,391,38224,Ganha,2025-09-10
480,397,22652,Em negociação,2025-09-17
481,304,6871,Ganha,2025-11-16
482,473,24698,Em negociação,2025-07-03
483,483,39346,Ganha,2025-08-05
484,385,14145,Ganha,2025-10-04
485,404,8525,Em negociação,2025-10-10
486,406,14270,Em negociação,2025-09-02
487,203,15835,Perdida,2025-07-13
488,76,18133,Em negociação,2025-10-12
489,158,10267,Ganha,2025-11-06
490,224,10909,Perdida,2025-11-19
491,351,29527,Ganha,2025-11-18
492,177,11547,Perdida,2025-07-06
493,202,18925,Em negociação,2025-07-10
494,193,35374,Perdida,2025-12-04
495,199,13421,Ganha,2025-11-24
496,205,26437,Em negociação,2025-07-09
497,374,32826,Perdida,2025-08-14
498,37,27732,Perdida,2025-07-31
499,14,19528,Em negociação,2025-11-13
500,394,20411,Perdida,2025-10-02
501,257,5104,Perdida,2025-09-18
502,469,10063,Perdida,2025-11-23
503,256,17318,Ganha,2025-10-12
504,223,11085,Ganha,2025-07-14
505,93,32899,Ganha,2025-10-10
506,199,36500,Ganha,2025-09-12
507,92,15717,Perdida,2025-08-18
508,428,11975,Perdida,2025-12-07
509,178,11645,Perdida,2025-09-16
510,412,5801,Ganha,2025-11-26
511,295,38224,Perdida,2025-09-03
512,6,36859,Perdida,2025-07-10
513,206,32686,Perdida,2025-10-12
514,218,21950,Perdida,2025-11-29
515,310,34508,Perdida,2025-08-29
516,365,26958,Em negociação,2025-09-26
517,58,16720,Em negociação,2025-08-14
518,389,30131,Em negociação,2025-12-08
519,77,5455,Ganha,2025-07-30
520,133,17950,Perdida,2025-07-24
521,373,34818,Perdida,2025-09-01
522,145,7611,Ganha,2025-08-25
523,236,29058,Ganha,2025-07-28
524,352,29202,Ganha,2025-10-03
525,346,24408,Perdida,2025-12-22
526,278,22513,Ganha,2025-09-28
527,214,6148,Perdida,2025-10-13
528,326,7334,Perdida,2025-09-28
529,375,7399,Perdida,2025-09-18
530,128,16484,Ganha,2025-12-04
531,65,14479,Perdida,2025-09-09
532,458,23002,Ganha,2025-09-02
533,353,20997,Em negociação,2025-08-16
534,292,35042,Ganha,2025-10-06
535,191,7509,Ganha,2025-07-18
536,416,11627,Perdida,2025-12-08
537,173,24790,Perdida,2025-12-23
538,95,21833,Perdida,2025-12-08
539,429,33405,Em negociação,2025-11-09
540,293,22103,Em negociação,2025-07-24
541,264,20974,Perdida,2025-12-16
542,192,35993,Ganha,2025-09-08
543,141,17170,Ganha,2025-07-10
544,24,31127,Em negociação,2025-07-08
545,146,22870,Ganha,2025-11-05
546,10,32153,Perdida,2025-10-19
547,137,35306,Perdida,2025-07-19
548,163,11366,Ganha,2025-12-24
549,364,26273,Ganha,2025-07-25
550,148,35188,Perdida,2025-07-19
551,305,26545,Perdida,2025-08-29
552,477,5823,Ganha,2025-10-08
553,178,34123,Ganha,2025-08-23
554,108,39880,Perdida,2025-07-09
555,200,21757,Perdida,2025-07-12
556,437,10151,Perdida,2025-08-07
557,177,10445,Ganha,2025-08-15
558,190,24925,Ganha,2025-10-09
559,232,35630,Ganha,2025-07-22
560,300,15927,Perdida,2025-08-06
561,221,32223,Em negociação,2025-12-23
562,385,23604,Perdida,2025-08-25
563,121,29594,Em negociação,2025-11-25
564,194,13093,Ganha,2025-11-03
565,109,12250,Perdida,2025-11-13
566,443,15427,Perdida,2025-09-17
567,282,31772,Perdida,2025-11-03
568,215,23276,Ganha,2025-09-27
569,323,11923,Perdida,2025-07-06
570,492,25825,Perdida,2025-08-14
571,201,19752,Em negociação,2025-08-24
572,388,35403,Ganha,2025-09-04
573,81,16640,Perdida,2025-12-28
574,273,26892,Perdida,2025-07-14
575,89,11443,Perdida,2025-07-14
576,215,32411,Perdida,2025-07-19
577,15,19692,Ganha,2025-07-23
578,258,10276,Perdida,2025-09-15
579,485,6496,Ganha,2025-10-26
580,86,35927,Perdida,2025-09-25
581,12,30515,Perdida,2025-11-09
582,436,15576,Perdida,2025-10-28
583,90,35944,Em negociação,2025-11-07
584,166,13693,Ganha,2025-12-21
585,106,35223,Perdida,2025-07-06
586,309,34075,Em negociação,2025-11-13
587,499,35238,Perdida,2025-11-30
588,412,26709,Em negociação,2025-11-18
589,126,35291,Perdida,2025-12-11
590,4,7118,Perdida,2025-09-15
591,444,39063,Em negociação,2025-09-21
592,37,32334,Em negociação,2025-08-13
593,62,6554,Perdida,2025-12-13
594,150,31109,Em negociação,2025-12-18
595,187,31177,Perdida,2025-08-20
596,323,33838,Perdida,2025-11-27
597,54,14567,Em negociação,2025-08-02
598,386,12325,Perdida,2025-09-26
599,212,27271,Ganha,2025-10-27
600,408,36627,Ganha,2025-12-04
601,169,9854,Perdida,2025-08-25
602,386,21038,Perdida,2025-10-02
603,152,34142,Ganha,2025-09-04
604,359,21903,Perdida,2025-07-29
605,19,14176,Ganha,2025-10-16
606,14,19484,Em negociação,2025-08-06
607,186,24085,Ganha,2025-11-18
608,291,24971,Perdida,2025-09-07
609,345,24325,Ganha,2025-07-04
610,66,14602,Perdida,2025-09-21
611,132,19936,Ganha,2025-11-04
612,299,24854,Ganha,2025-12-25
613,133,28865,Perdida,2025-08-18
614,208,36258,Perdida,2025-11-15
615,498,27558,Perdida,2025-07-31
616,437,37839,Ganha,2025-09-24
617,194,36801,Perdida,2025-08-16
618,247,16494,Perdida,2025-09-22
619,8,9243,Ganha,2025-10-10
620,106,19700,Ganha,2025-07-26
621,399,12837,Perdida,2025-09-28
622,256,35102,Perdida,2025-07-18
623,465,5799,Em negociação,2025-08-16
624,460,19966,Perdida,2025-09-26
625,341,7152,Perdida,2025-12-03
626,488,26595,Perdida,2025-10-20
627,284,10206,Em negociação,2025-12-14
628,229,39271,Ganha,2025-10-24
629,409,16972,Perdida,2025-07-15
630,440,21062,Ganha,2025-09-03
631,91,7636,Em negociação,2025-10-21
632,283,23184,Ganha,2025-11-10
633,376,9172,Em negociação,2025-11-25
634,268,24841,Ganha,2025-10-31
635,125,36279,Perdida,2025-08-13
636,452,8347,Ganha,2025-07-19
637,38,17872,Perdida,2025-09-06
638,43,36197,Ganha,2025-08-12
639,302,19089,Perdida,2025-10-13
640,292,5629,Perdida,2025-11-30
641,369,34008,Perdida,2025-11-09
642,302,34901,Em negociação,2025-10-25
643,387,31684,Perdida,2025-08-24
644,324,16569,Ganha,2025-08-27
645,264,23596,Em negociação,2025-10-13
646,136,39877,Ganha,2025-10-19
647,348,37968,Ganha,2025-09-07
648,58,16939,Perdida,2025-10-08
649,458,38393,Perdida,2025-11-17
650,92,9296,Perdida,2025-07-09
651,156,11197,Em negociação,2025-09-06
652,176,16970,Ganha,2025-12-01
653,391,20191,Ganha,2025-08-22
654,157,25972,Perdida,2025-08-30
655,53,24664,Em negociação,2025-11-05
656,293,15131,Ganha,2025-11-09
657,393,30967,Perdida,2025-11-18
658,313,15297,Ganha,2025-08-18
659,243,32322,Perdida,2025-10-21
660,118,22226,Perdida,2025-10-12
661,190,14501,Ganha,2025-09-29
662,425,25666,Perdida,2025-09-11
663,289,30791,Perdida,2025-12-27
664,391,31481,Ganha,2025-09-15
665,182,14170,Em negociação,2025-10-19
666,10,18252,Ganha,2025-10-24
667,151,29476,Ganha,2025-09-10
668,405,30061,Ganha,2025-08-07
669,379,18071,Perdida,2025-07-23
670,258,33842,Em negociação,2025-12-01
671,39,20934,Ganha,2025-08-28
672,483,35793,Em negociação,2025-12-17
673,400,30563,Perdida,2025-08-26
674,128,23359,Em negociação,2025-07-31
675,193,8887,Ganha,2025-07-18
676,176,23090,Perdida,2025-09-07
677,473,23627,Ganha,2025-11-24
678,451,9848,Ganha,2025-09-14
679,423,14946,Em negociação,2025-07-31
680,154,18106,Perdida,2025-09-07
681,126,26485,Perdida,2025-07-12
682,134,39801,Em negociação,2025-07-05
683,12,14205,Perdida,2025-12-11
684,446,25575,Em negociação,2025-09-27
685,464,34218,Perdida,2025-11-04
686,95,26054,Perdida,2025-09-02
687,186,26824,Ganha,2025-10-23
688,131,6516,Ganha,2025-07-17
689,211,33005,Perdida,2025-08-26
690,409,8147,Em negociação,2025-12-13
691,468,38571,Perdida,2025-08-06
692,224,7102,Em negociação,2025-10-06
693,405,37244,Ganha,2025-10-04
694,325,9398,Perdida,2025-08-06
695,48,12361,Perdida,2025-08-19
696,434,10749,Perdida,2025-08-31
697,313,17510,Perdida,2025-07-06
698,221,23144,Perdida,2025-11-20
699,334,26655,Ganha,2025-07-16
700,295,27269,Perdida,2025-07-04
701,379,33337,Em negociação,2025-09-17
702,295,24255,Ganha,2025-09-20
703,10,5559,Ganha,2025-09-10
704,78,21964,Em negociação,2025-08-01
705,346,26405,Perdida,2025-07-14
706,341,18128,Perdida,2025-08-03
707,474,28242,Em negociação,2025-08-03
708,79,17376,Perdida,2025-11-06
709,158,16900,Ganha,2025-08-14
710,309,7585,Perdida,2025-08-12
711,179,9539,Ganha,2025-10-09
712,476,20080,Perdida,2025-11-07
713,156,15701,Perdida,2025-10-20
714,120,19236,Perdida,2025-12-22
715,71,33812,Ganha,2025-09-23
716,14,34094,Em negociação,2025-11-05
717,195,8225,Perdida,2025-09-17
718,102,18476,Perdida,2025-07-30
719,418,13169,Ganha,2025-11-14
720,260,38849,Ganha,2025-11-05
721,62,37054,Perdida,2025-09-28
722,384,25767,Perdida,2025-11-05
723,47,38220,Perdida,2025-10-24
724,261,12339,Em negociação,2025-12-24
725,4,29905,Em negociação,2025-09-17
726,493,11557,Perdida,2025-10-10
727,429,9279,Perdida,2025-07-15
728,154,20031,Em negociação,2025-12-07
729,334,30538,Em negociação,2025-12-24
730,488,23003,Perdida,2025-10-07
731,24,14223,Em negociação,2025-11-13
732,290,5607,Ganha,2025-11-19
733,72,35789,Perdida,2025-12-13
734,306,18751,Em negociação,2025-07-12
735,151,29359,Perdida,2025-11-18
736,215,16299,Ganha,2025-08-18
737,495,14920,Perdida,2025-07-10
738,93,28925,Em negociação,2025-11-30
739,403,15641,Ganha,2025-11-06
740,157,31453,Perdida,2025-10-22
741,319,26041,Ganha,2025-12-22
742,170,6867,Em negociação,2025-12-20
743,377,14459,Em negociação,2025-12-17
744,277,29709,Perdida,2025-08-16
745,87,15365,Ganha,2025-09-30
746,460,19594,Ganha,2025-12-12
747,58,36174,Perdida,2025-09-13
748,439,33863,Ganha,2025-07-27
749,415,5047,Ganha,2025-08-30
750,461,21833,Ganha,2025-07-13
751,277,28958,Em negociação,2025-07-10
752,367,11317,Perdida,2025-08-04
753,101,13246,Ganha,2025-11-25
754,413,14345,Ganha,2025-12-07
755,381,11212,Perdida,2025-10-17
756,455,11896,Ganha,2025-10-25
757,95,24733,Ganha,2025-09-01
758,343,39073,Perdida,2025-10-21
759,390,13631,Ganha,2025-09-24
760,339,14517,Perdida,2025-12-20
761,383,30233,Perdida,2025-11-08
762,94,5938,Ganha,2025-12-20
763,428,20586,Ganha,2025-10-07
764,6,36508,Perdida,2025-10-01
765,97,31585,Perdida,2025-11-04
766,233,22223,Perdida,2025-11-28
767,382,23304,Perdida,2025-08-19
768,474,27108,Ganha,2025-11-11
769,131,27346,Em negociação,2025-08-26
770,396,34905,Perdida,2025-07-10
771,439,27437,Perdida,2025-10-22
772,33,28948,Perdida,2025-12-22
773,494,13272,Ganha,2025-09-02
774,425,12283,Ganha,2025-10-14
775,65,27781,Ganha,2025-09-08
776,284,10437,Em negociação,2025-08-21
777,94,31054,Em negociação,2025-08-20
778,100,14287,Em negociação,2025-11-02
779,398,6095,Ganha,2025-09-29
780,270,14946,Perdida,2025-08-15
781,269,8079,Em negociação,2025-09-27
782,277,20101,Perdida,2025-08-15
783,86,29541,Ganha,2025-07-07
784,85,19828,Em negociação,2025-11-20
785,277,32788,Em negociação,2025-10-18
786,26,31271,Ganha,2025-08-17
787,498,32607,Em negociação,2025-08-31
788,165,13920,Perdida,2025-10-13
789,1,9906,Ganha,2025-08-08
790,343,25421,Ganha,2025-07-25
791,305,9378,Ganha,2025-09-14
792,72,14423,Perdida,2025-11-17
793,392,20890,Perdida,2025-11-18
794,331,32460,Perdida,2025-11-09
795,128,27964,Ganha,2025-10-19
796,72,31308,Ganha,2025-08-01
797,484,14951,Ganha,2025-11-22
798,345,23053,Perdida,2025-12-26
799,327,12686,Perdida,2025-08-16
800,53,35874,Ganha,2025-09-07
801,153,13183,Perdida,2025-07-25
802,233,15071,Ganha,2025-10-02
803,449,22832,Em negociação,2025-12-18
804,196,21741,Ganha,2025-08-31
805,219,16039,Em negociação,2025-07-04
806,444,36935,Perdida,2025-11-01
807,268,11753,Ganha,2025-07-27
808,492,28760,Ganha,2025-07-11
809,254,33342,Perdida,2025-07-18
810,54,23363,Em negociação,2025-10-19
811,464,21493,Perdida,2025-10-05
812,215,21465,Em negociação,2025-12-07
813,7,11627,Perdida,2025-08-26
814,125,37438,Ganha,2025-09-08
815,341,22416,Ganha,2025-08-26
816,288,29629,Perdida,2025-07-11
817,196,7759,Perdida,2025-07-30
818,430,11460,Perdida,2025-11-28
819,495,20637,Perdida,2025-07-09
820,364,32645,Em negociação,2025-12-18
821,178,33851,Em negociação,2025-08-04
822,443,39259,Ganha,2025-09-17
823,417,33298,Perdida,2025-12-22
824,111,16844,Ganha,2025-10-05
825,51,24154,Em negociação,2025-12-21
826,374,34925,Em negociação,2025-10-25
827,184,27547,Perdida,2025-10-26
828,142,34229,Perdida,2025-10-06
829,235,22247,Perdida,2025-11-17
830,108,26094,Perdida,2025-09-30
831,400,16275,Em negociação,2025-12-06
832,171,28055,Perdida,2025-10-31
833,163,25043,Ganha,2025-12-05
834,328,31611,Ganha,2025-08-23
835,328,17202,Perdida,2025-11-07
836,136,36813,Perdida,2025-09-07
837,459,28688,Perdida,2025-11-15
838,166,6043,Ganha,2025-08-02
839,159,38169,Perdida,2025-08-07
840,152,16659,Perdida,2025-07-03
841,39,18016,Ganha,2025-07-28
842,469,31518,Em negociação,2025-11-21
843,367,27292,Perdida,2025-09-18
844,69,30247,Ganha,2025-10-14
845,315,10387,Ganha,2025-11-01
846,227,7672,Ganha,2025-11-19
847,342,22942,Ganha,2025-11-01
848,427,19350,Ganha,2025-11-01
849,226,19153,Ganha,2025-10-14
850,125,6361,Em negociação,2025-08-27
851,430,33767,Perdida,2025-08-09
852,291,17598,Perdida,2025-08-18
853,298,31189,Perdida,2025-09-20
854,383,22137,Perdida,2025-09-26
855,412,22272,Perdida,2025-09-26
856,461,20381,Ganha,2025-09-28
857,40,13814,Ganha,2025-07-02
858,127,13438,Ganha,2025-08-21
859,363,36177,Perdida,2025-12-02
860,414,19930,Perdida,2025-07-02
861,331,19677,Perdida,2025-08-03
862,429,8486,Perdida,2025-09-07
863,255,33585,Ganha,2025-11-15
864,12,34390,Perdida,2025-12-14
865,459,27780,Perdida,2025-11-21
866,33,28226,Ganha,2025-10-19
867,292,21515,Em negociação,2025-12-21
868,366,37165,Perdida,2025-11-24
869,203,19103,Perdida,2025-10-10
870,276,24966,Ganha,2025-08-05
871,409,38289,Em negociação,2025-11-22
872,393,25608,Em negociação,2025-07-25
873,28,28484,Perdida,2025-12-10
874,315,9169,Perdida,2025-11-17
875,376,17754,Ganha,2025-07-28
876,397,16753,Em negociação,2025-12-21
877,333,37438,Perdida,2025-10-05
878,46,11170,Em negociação,2025-08-04
879,359,30391,Em negociação,2025-09-22
880,357,36090,Ganha,2025-10-02
881,94,11282,Ganha,2025-11-13
882,363,33204,Em negociação,2025-08-23
883,47,17095,Ganha,2025-11-07
884,117,28016,Em negociação,2025-07-19
885,42,27263,Perdida,2025-12-04
886,269,21893,Ganha,2025-07-26
887,32,8876,Perdida,2025-12-04
888,87,5113,Em negociação,2025-08-15
889,7,5305,Ganha,2025-10-11
890,15,29565,Em negociação,2025-11-14
891,97,37650,Ganha,2025-11-03
892,500,27626,Ganha,2025-07-07
893,468,15136,Perdida,2025-08-04
894,91,33881,Perdida,2025-11-13
895,260,14755,Em negociação,2025-09-06
896,16,7541,Em negociação,2025-11-28
897,414,25425,Em negociação,2025-12-01
898,179,16823,Perdida,2025-11-16
899,461,11535,Perdida,2025-07-27
900,80,27111,Em negociação,2025-07-13
901,281,30483,Perdida,2025-11-29
902,343,9290,Ganha,2025-09-26
903,73,20692,Em negociação,2025-08-25
904,97,31495,Ganha,2025-12-13
905,470,36485,Em negociação,2025-07-13
906,363,11473,Em negociação,2025-12-05
907,340,26007,Em negociação,2025-08-06
908,295,39860,Perdida,2025-08-11
909,330,18168,Ganha,2025-11-24
910,230,17978,Ganha,2025-07-21
911,219,31492,Perdida,2025-12-07
912,252,6561,Perdida,2025-10-07
913,288,36726,Perdida,2025-10-11
914,255,23821,Perdida,2025-07-03
915,29,39573,Em negociação,2025-11-10
916,485,10844,Ganha,2025-07-31
917,383,16361,Perdida,2025-12-16
918,274,6832,Ganha,2025-10-12
919,198,17336,Perdida,2025-08-13
920,27,33429,Perdida,2025-08-16
921,435,16684,Perdida,2025-07-07
922,358,7930,Em negociação,2025-12-03
923,235,17170,Em negociação,2025-10-08
924,38,18343,Perdida,2025-08-04
925,328,6021,Ganha,2025-09-22
926,106,12623,Em negociação,2025-12-27
927,464,20754,Perdida,2025-10-05
928,91,30553,Em negociação,2025-09-24
929,470,31342,Ganha,2025-11-22
930,307,21133,Perdida,2025-10-23
931,452,32711,Perdida,2025-07-21
932,159,18426,Em negociação,2025-07-14
933,378,22866,Perdida,2025-12-26
934,213,32108,Perdida,2025-11-10
935,419,36995,Ganha,2025-12-26
936,321,30917,Ganha,2025-09-05
937,66,19612,Ganha,2025-11-29
938,60,15415,Em negociação,2025-08-25
939,35,17016,Perdida,2025-11-16
940,484,21809,Em negociação,2025-07-04
941,204,23665,Perdida,2025-10-17
942,439,22137,Ganha,2025-11-28
943,203,18246,Em negociação,2025-08-08
944,434,37634,Ganha,2025-08-18
945,19,35733,Perdida,2025-11-30
946,118,7492,Em negociação,2025-11-11
947,43,9417,Ganha,2025-07-24
948,190,33711,Perdida,2025-09-06
949,306,7690,Perdida,2025-08-22
950,393,17384,Perdida,2025-10-08
951,23,5931,Em negociação,2025-10-02
952,441,21436,Em negociação,2025-09-30
953,237,18149,Em negociação,2025-12-14
954,201,29905,Ganha,2025-10-15
955,259,9171,Ganha,2025-07-21
956,100,27012,Perdida,2025-09-07
957,13,33870,Ganha,2025-10-27
958,309,39639,Ganha,2025-11-17
959,74,25811,Ganha,2025-07-06
960,34,31864,Perdida,2025-12-24
961,317,16135,Perdida,2025-10-07
962,190,7518,Ganha,2025-12-02
963,351,20313,Ganha,2025-12-28
964,289,8828,Em negociação,2025-08-05
965,62,19714,Perdida,2025-12-19
966,289,9844,Ganha,2025-08-29
967,480,30300,Ganha,2025-07-24
968,199,34469,Em negociação,2025-10-29
969,350,37149,Perdida,2025-10-01
970,326,34817,Perdida,2025-11-19
971,233,28601,Ganha,2025-10-16
972,327,16426,Em negociação,2025-09-20
973,132,15506,Perdida,2025-12-23
974,222,24651,Ganha,2025-09-02
975,211,19875,Em negociação,2025-11-26
976,431,28130,Ganha,2025-09-16
977,216,32376,Perdida,2025-09-04
978,228,30456,Perdida,2025-10-03
979,167,31141,Ganha,2025-08-15
980,106,21122,Ganha,2025-11-10
981,292,17753,Em negociação,2025-07-13
982,402,28816,Em negociação,2025-08-10
983,442,31752,Perdida,2025-10-11
984,110,30744,Ganha,2025-12-01
985,278,34643,Ganha,2025-07-22
986,212,8334,Ganha,2025-10-03
987,283,15270,Perdida,2025-08-18
988,222,16817,Em negociação,2025-12-22
989,356,18530,Perdida,2025-07-11
990,89,22912,Em negociação,2025-07-07
991,289,15214,Perdida,2025-08-03
992,401,17963,Ganha,2025-10-08
993,240,21102,Em negociação,2025-11-25
994,391,36895,Ganha,2025-07-25
995,272,7313,Perdida,2025-12-12
996,44,6406,Ganha,2025-12-15
997,170,10894,Ganha,2025-09-28
998,104,14869,Em negociação,2025-10-11
999,431,9326,Perdida,2025-10-09
1000,299,34269,Perdida,2025-11-14
1001,149,24873,Ganha,2025-08-07
1002,82,14962,Ganha,2025-11-28
1003,273,31848,Ganha,2025-08-09
1004,322,35773,Perdida,2025-10-18
1005,354,21344,Em negociação,2025-07-12
1006,485,14610,Em negociação,2025-12-04
1007,387,7580,Ganha,2025-09-22
1008,243,29862,Perdida,2025-12-23
1009,301,28749,Em negociação,2025-08-01
1010,293,16916,Perdida,2025-12-23
1011,497,37228,Em negociação,2025-08-05
1012,177,27267,Em negociação,2025-09-25
1013,36,16615,Ganha,2025-10-13
1014,347,30796,Em negociação,2025-11-30
1015,479,17919,Em negociação,2025-10-07
1016,150,10444,Perdida,2025-08-24
1017,9,32376,Em negociação,2025-09-26
1018,436,21561,Ganha,2025-10-18
1019,267,6536,Perdida,2025-11-16
1020,27,20650,Perdida,2025-10-22
1021,230,33373,Ganha,2025-10-20
1022,384,35021,Perdida,2025-10-04
1023,283,7056,Ganha,2025-07-22
1024,6,6259,Ganha,2025-11-07
1025,464,35809,Perdida,2025-12-19
1026,356,22713,Perdida,2025-10-04
1027,188,38592,Em negociação,2025-09-11
1028,209,27421,Ganha,2025-10-01
1029,369,22143,Perdida,2025-08-25
1030,145,22476,Ganha,2025-09-04
1031,471,10557,Em negociação,2025-10-08
1032,442,38344,Em negociação,2025-12-23
1033,416,13423,Em negociação,2025-12-01
1034,125,9876,Ganha,2025-12-12
1035,79,20528,Perdida,2025-12-09
1036,5,5881,Perdida,2025-10-02
1037,446,9612,Ganha,2025-07-21
1038,495,35196,Perdida,2025-10-05
1039,403,11935,Perdida,2025-12-14
1040,361,14090,Ganha,2025-12-08
1041,96,11009,Perdida,2025-12-05
1042,2,33375,Perdida,2025-10-30
1043,108,8276,Perdida,2025-09-20
1044,165,39690,Ganha,2025-11-08
1045,363,37460,Perdida,2025-11-11
1046,241,23878,Perdida,2025-07-30
1047,443,9015,Perdida,2025-08-21
1048,4,10213,Ganha,2025-11-08
1049,135,14430,Em negociação,2025-08-03
1050,499,17408,Perdida,2025-07-02
1051,390,9966,Ganha,2025-10-07
1052,388,19923,Ganha,2025-07-19
1053,429,24445,Perdida,2025-08-21
1054,328,23704,Ganha,2025-10-25
1055,423,27594,Perdida,2025-08-15
1056,4,21493,Ganha,2025-11-17
1057,34,9038,Ganha,2025-10-01
1058,463,8958,Perdida,2025-09-09
1059,41,34224,Ganha,2025-07-09
1060,46,25866,Perdida,2025-09-27
1061,358,9317,Perdida,2025-10-08
1062,231,28469,Perdida,2025-08-28
1063,190,37748,Ganha,2025-08-25
1064,161,17470,Ganha,2025-11-15
1065,22,28127,Perdida,2025-09-01
1066,167,31426,Perdida,2025-09-01
1067,232,15006,Ganha,2025-09-21
1068,215,6604,Em negociação,2025-10-08
1069,196,14790,Perdida,2025-12-25
1070,223,16323,Ganha,2025-11-11
1071,112,11215,Ganha,2025-08-30
1072,77,22753,Ganha,2025-12-23
1073,255,30705,Ganha,2025-08-10
1074,143,19925,Ganha,2025-07-26
1075,371,37711,Perdida,2025-11-18
1076,250,8916,Perdida,2025-12-01
1077,35,26186,Perdida,2025-07-26
1078,149,14271,Ganha,2025-08-24
1079,412,19182,Perdida,2025-12-25
1080,490,25185,Perdida,2025-10-03
1081,323,25356,Perdida,2025-09-10
1082,314,12985,Perdida,2025-08-15
1083,145,27354,Perdida,2025-07-05
1084,443,13397,Perdida,2025-08-29
1085,33,6160,Perdida,2025-09-13
1086,127,18726,Em negociação,2025-07-05
1087,120,25482,Perdida,2025-08-29
1088,403,23384,Perdida,2025-08-03
1089,407,26696,Perdida,2025-11-26
1090,495,26091,Perdida,2025-08-04
1091,498,20002,Perdida,2025-07-25
1092,122,21324,Perdida,2025-08-30
1093,456,6271,Ganha,2025-12-04
1094,197,14722,Perdida,2025-12-08
1095,271,37174,Perdida,2025-10-21
1096,35,34457,Perdida,2025-11-09
1097,406,23101,Perdida,2025-09-26
1098,435,8868,Perdida,2025-11-01
1099,325,5200,Ganha,2025-07-23
1100,248,14576,Perdida,2025-10-08
1101,249,25589,Perdida,2025-08-13
1102,103,17333,Em negociação,2025-07-29
1103,310,12888,Ganha,2025-12-13
1104,377,17775,Perdida,2025-08-21
1105,145,21267,Perdida,2025-09-11
1106,359,5715,Ganha,2025-11-06
1107,74,24405,Ganha,2025-07-15
1108,330,32618,Ganha,2025-08-31
1109,398,14674,Perdida,2025-09-22
1110,285,15287,Perdida,2025-10-09
1111,56,22927,Perdida,2025-11-08
1112,362,34709,Ganha,2025-07-31
1113,66,26155,Em negociação,2025-11-27
1114,27,26399,Perdida,2025-09-25
1115,73,25661,Em negociação,2025-09-23
1116,282,6668,Perdida,2025-07-16
1117,166,30921,Ganha,2025-07-25
1118,429,7263,Perdida,2025-10-07
1119,290,7580,Em negociação,2025-12-14
1120,371,13642,Perdida,2025-12-11
1121,72,14933,Ganha,2025-11-17
1122,482,20401,Ganha,2025-09-27
1123,498,28401,Ganha,2025-09-14
1124,176,9559,Perdida,2025-08-11
1125,32,39385,Perdida,2025-09-18
1126,356,15157,Perdida,2025-12-06
1127,417,18582,Perdida,2025-11-29
1128,391,22088,Ganha,2025-12-14
1129,331,6587,Ganha,2025-07-03
1130,116,36371,Ganha,2025-11-02
1131,389,20247,Em negociação,2025-11-23
1132,257,25936,Ganha,2025-07-19
1133,344,30939,Ganha,2025-10-15
1134,253,6540,Perdida,2025-07-03
1135,213,9453,Ganha,2025-07-31
1136,19,18686,Ganha,2025-08-25
1137,4,27897,Perdida,2025-08-02
1138,452,29124,Perdida,2025-11-16
1139,204,18944,Ganha,2025-12-27
1140,469,23442,Ganha,2025-09-24
1141,262,30455,Ganha,2025-11-07
1142,387,21795,Ganha,2025-10-06
1143,460,22061,Perdida,2025-07-15
1144,147,34599,Ganha,2025-07-27
1145,496,38541,Perdida,2025-11-06
1146,95,12385,Ganha,2025-12-01
1147,381,18473,Ganha,2025-08-05
1148,377,24569,Em negociação,2025-07-09
1149,110,24881,Perdida,2025-12-15
1150,332,20060,Perdida,2025-10-25
1151,112,38495,Ganha,2025-12-25
1152,111,16856,Em negociação,2025-11-06
1153,256,30465,Perdida,2025-09-02
1154,201,15830,Em negociação,2025-08-28
1155,288,23700,Perdida,2025-07-11
1156,439,21286,Ganha,2025-12-01
1157,453,5017,Em negociação,2025-07-23
1158,26,5734,Em negociação,2025-12-28
1159,156,34167,Perdida,2025-08-05
1160,493,15452,Ganha,2025-09-25
1161,111,17503,Em negociação,2025-09-24
1162,39,23348,Perdida,2025-12-23
1163,153,7293,Em negociação,2025-10-12
1164,73,22217,Perdida,2025-11-06
1165,62,6990,Em negociação,2025-08-29
1166,90,5940,Ganha,2025-10-29
1167,234,22900,Ganha,2025-07-02
1168,289,36439,Ganha,2025-07-04
1169,79,19121,Ganha,2025-07-08
1170,194,6959,Ganha,2025-09-09
1171,426,35520,Perdida,2025-12-25
1172,296,7885,Perdida,2025-10-18
1173,364,23452,Perdida,2025-11-07
1174,411,22516,Ganha,2025-10-20
1175,494,17325,Ganha,2025-09-05
1176,415,5127,Em negociação,2025-12-17
1177,448,33530,Perdida,2025-07-02
1178,251,20172,Perdida,2025-12-16
1179,147,28857,Ganha,2025-09-25
1180,234,35964,Perdida,2025-09-24
1181,338,29331,Perdida,2025-08-12
1182,75,26018,Perdida,2025-10-01
1183,209,16400,Perdida,2025-09-24
1184,240,27769,Perdida,2025-11-21
1185,417,37408,Perdida,2025-09-15
1186,185,33292,Ganha,2025-10-25
1187,454,14020,Ganha,2025-09-28
1188,331,35576,Perdida,2025-08-12
1189,442,15766,Em negociação,2025-10-02
1190,260,14506,Perdida,2025-08-12
1191,324,15448,Em negociação,2025-08-04
1192,72,18488,Em negociação,2025-09-18
1193,42,32458,Em negociação,2025-08-22
1194,279,7751,Perdida,2025-08-03
1195,3,21693,Em negociação,2025-07-11
1196,483,15793,Perdida,2025-07-06
1197,364,26947,Perdida,2025-10-06
1198,375,29466,Perdida,2025-09-18
1199,268,30742,Ganha,2025-09-30
1200,384,31738,Perdida,2025-12-01
