contato_id,cliente_id,data_contato,canal,tempo_resposta_horas
1,485,2025-11-28,Telefone,65
2,478,2025-10-15,Reunião,55
3,428,2025-08-27,WhatsApp,33
4,234,2025-08-09,Telefone,51
5,98,2025-07-28,Telefone,10
6,142,2025-09-13,Reunião,66
7,137,2025-12-28,Reunião,94
8,153,2025-07-31,WhatsApp,21
9,229,2025-08-13,WhatsApp,46
10,171,2025-08-09,WhatsApp,60
11,478,2025-10-07,Telefone,91
12,123,2025-08-04,WhatsApp,31
13,439,2025-09-14,Email,42
14,382,2025-08-29,WhatsApp,51
15,340,2025-07-15,Telefone,65
16,494,2025-12-19,Telefone,66
17,495,2025-07-30,Reunião,14
18,448,2025-09-07,Email,69
19,467,2025-09-03,Email,94
20,74,2025-09-15,Telefone,11
21,241,2025-10-22,Reunião,81
22,355,2025-09-18,Email,44
23,437,2025-07-09,WhatsApp,42
24,321,2025-08-26,Email,81
25,36,2025-10-29,Reunião,31
26,383,2025-12-05,WhatsApp,14
27,390,2025-07-19,Email,58
28,86,2025-07-04,Reunião,5
29,24,2025-10-06,Email,39
30,184,2025-09-24,WhatsApp,20
31,126,2025-08-15,WhatsApp,74
32,350,2025-11-12,Telefone,24
33,41,2025-07-25,WhatsApp,81
34,350,2025-10-28,WhatsApp,76
35,74,2025-10-30,WhatsApp,83
36,131,2025-09-02,Reunião,87
37,5,2025-08-31,Reunião,88
38,280,2025-11-18,Email,58
39,484,2025-10-01,Reunião,83
40,493,2025-09-11,Reunião,60
41,433,2025-10-12,Telefone,51
42,437,2025-08-27,Email,32
43,196,2025-08-04,Reunião,75
44,152,2025-07-02,Reunião,4
45,425,2025-07-13,WhatsApp,37
46,5,2025-08-06,Email,79
47,382,2025-08-23,Reunião,31
48,311,2025-09-29,Telefone,83
49,98,2025-07-23,Reunião,88
50,387,2025-07-13,Telefone,82
51,50,2025-07-21,Email,41
52,404,2025-09-07,Email,76
53,187,2025-11-25,Email,39
54,168,2025-09-13,Telefone,27
55,68,2025-08-12,Reunião,69
56,257,2025-10-20,Telefone,34
57,468,2025-08-27,Reunião,45
58,412,2025-11-29,WhatsApp,11
59,73,2025-11-01,WhatsApp,73
60,188,2025-12-05,WhatsApp,3
61,136,2025-08-13,Email,60
62,189,2025-07-09,Reunião,76
63,196,2025-07-18,Reunião,15
64,346,2025-10-30,WhatsApp,5
65,318,2025-08-07,Reunião,80
66,114,2025-07-16,Email,83
67,422,2025-09-01,Reunião,85
68,210,2025-11-29,Telefone,7
69,485,2025-12-19,Reunião,65
70,60,2025-12-04,Telefone,70
71,70,2025-09-20,WhatsApp,49
72,344,2025-07-03,WhatsApp,77
73,381,2025-11-19,WhatsApp,85
74,51,2025-08-25,WhatsApp,37
75,17,2025-07-05,Reunião,29
76,228,2025-09-06,Telefone,48
77,51,2025-07-06,Reunião,71
78,462,2025-07-16,Reunião,9
79,204,2025-10-19,Telefone,17
80,486,2025-09-03,Email,86
81,109,2025-07-17,Email,8
82,403,2025-10-04,Telefone,18
83,403,2025-08-06,Telefone,10
84,425,2025-08-09,Telefone,77
85,111,2025-10-30,Reunião,20
86,404,2025-07-29,Email,37
87,440,2025-11-21,Telefone,71
88,129,2025-11-14,Email,86
89,444,2025-12-22,Telefone,3
90,184,2025-10-29,Reunião,4
91,90,2025-10-22,Email,18
92,380,2025-09-12,Email,10
93,244,2025-09-05,Reunião,67
94,304,2025-12-01,WhatsApp,66
95,114,2025-07-24,Email,95
96,402,2025-07-13,Reunião,60
97,330,2025-12-21,Email,63
98,434,2025-09-17,WhatsApp,89
99,56,2025-08-25,WhatsApp,11
100,461,2025-12-08,Reunião,79
101,76,2025-12-12,Telefone,37
102,320,2025-07-19,Reunião,50
103,306,2025-08-15,Reunião,60
104,259,2025-07-27,WhatsApp,14
105,407,2025-07-02,Email,85
106,334,2025-08-09,Telefone,57
107,232,2025-10-31,WhatsApp,45
108,424,2025-09-03,WhatsApp,55
109,374,2025-12-04,Reunião,56
110,161,2025-07-11,Reunião,49
111,489,2025-11-19,WhatsApp,10
112,47,2025-12-07,Email,57
113,50,2025-09-24,Telefone,73
114,31,2025-07-31,Reunião,87
115,63,2025-09-14,Reunião,87
116,482,2025-09-11,Email,38
117,308,2025-10-10,Reunião,15
118,296,2025-08-21,Telefone,21
119,337,2025-08-27,Telefone,15
120,180,2025-08-08,Reunião,16
121,391,2025-10-18,Telefone,56
122,433,2025-08-07,Email,79
123,476,2025-07-13,Reunião,5
124,93,2025-10-20,Reunião,45
125,180,2025-12-27,Telefone,20
126,290,2025-07-13,WhatsApp,10
127,73,2025-07-19,Email,13
128,383,2025-08-15,Telefone,50
129,215,2025-09-03,Reunião,22
130,190,2025-10-10,Reunião,74
131,306,2025-12-07,Email,21
132,81,2025-07-23,Email,88
133,42,2025-10-20,WhatsApp,86
134,218,2025-08-26,WhatsApp,55
135,140,2025-11-03,Email,46
136,221,2025-11-30,Reunião,88
137,348,2025-07-30,WhatsApp,69
138,342,2025-10-11,Email,30
139,203,2025-07-28,Email,2
140,105,2025-10-12,Telefone,19
141,392,2025-10-24,Reunião,43
142,62,2025-12-27,WhatsApp,57
143,90,2025-11-25,WhatsApp,70
144,361,2025-10-31,Reunião,11
145,204,2025-12-18,WhatsApp,4
146,236,2025-12-09,Reunião,75
147,220,2025-08-04,WhatsApp,92
148,328,2025-09-13,Reunião,16
149,208,2025-12-23,Reunião,23
150,411,2025-07-23,WhatsApp,90
151,471,2025-09-27,Email,57
152,433,2025-12-01,Telefone,57
153,302,2025-09-17,Email,52
154,446,2025-10-10,Reunião,30
155,171,2025-11-15,Email,67
156,325,2025-11-29,Telefone,46
157,180,2025-07-16,Telefone,32
158,53,2025-11-21,Reunião,27
159,89,2025-07-27,Telefone,85
160,39,2025-11-13,WhatsApp,61
161,387,2025-08-06,WhatsApp,89
162,474,2025-08-06,Reunião,82
163,162,2025-11-20,WhatsApp,10
164,241,2025-09-06,Reunião,37
165,303,2025-12-14,Reunião,66
166,38,2025-10-10,WhatsApp,59
167,20,2025-12-14,Reunião,38
168,40,2025-07-16,Email,80
169,305,2025-08-21,WhatsApp,61
170,298,2025-08-09,Email,59
171,466,2025-08-04,Telefone,43
172,310,2025-08-29,Telefone,9
173,231,2025-12-02,Reunião,93
174,44,2025-08-21,Telefone,7
175,127,2025-09-07,WhatsApp,69
176,268,2025-07-25,Telefone,48
177,191,2025-10-17,WhatsApp,54
178,397,2025-10-03,Email,82
179,332,2025-10-04,Email,44
180,49,2025-08-08,WhatsApp,38
181,130,2025-07-13,Telefone,44
182,42,2025-08-01,Telefone,46
183,159,2025-07-14,WhatsApp,18
184,305,2025-12-07,Reunião,73
185,193,2025-07-17,Reunião,18
186,344,2025-07-02,Email,84
187,344,2025-09-11,Reunião,4
188,186,2025-10-10,Telefone,29
189,175,2025-08-26,Telefone,30
190,71,2025-11-19,Email,39
191,433,2025-12-03,Email,86
192,173,2025-07-23,Telefone,78
193,193,2025-11-19,Telefone,25
194,426,2025-07-04,Telefone,94
195,225,2025-12-17,WhatsApp,48
196,347,2025-10-29,WhatsApp,80
197,146,2025-09-05,Telefone,70
198,123,2025-10-10,WhatsApp,26
199,189,2025-07-08,WhatsApp,61
200,394,2025-10-17,WhatsApp,66
201,271,2025-09-12,Telefone,27
202,411,2025-07-27,Telefone,34
203,27,2025-07-17,WhatsApp,49
204,284,2025-12-02,Email,38
205,43,2025-11-17,Reunião,59
206,464,2025-08-19,Telefone,57
207,47,2025-11-02,WhatsApp,46
208,477,2025-12-22,WhatsApp,8
209,203,2025-08-22,Reunião,32
210,198,2025-12-08,Reunião,30
211,15,2025-10-08,Email,93
212,333,2025-10-04,Telefone,19
213,20,2025-10-16,WhatsApp,91
214,426,2025-11-23,WhatsApp,59
215,316,2025-12-27,Email,4
216,132,2025-11-03,Telefone,72
217,482,2025-07-26,WhatsApp,16
218,398,2025-10-16,Telefone,40
219,63,2025-12-16,Telefone,55
220,328,2025-07-22,WhatsApp,10
221,57,2025-08-23,Email,82
222,264,2025-08-03,Telefone,93
223,74,2025-10-15,WhatsApp,2
224,315,2025-09-29,Telefone,75
225,214,2025-11-11,Email,69
226,500,2025-09-27,Email,69
227,279,2025-08-21,Email,51
228,448,2025-08-30,Email,83
229,199,2025-09-24,Reunião,4
230,183,2025-12-11,Reunião,32
231,376,2025-07-13,Email,76
232,377,2025-10-04,Telefone,7
233,181,2025-08-11,Reunião,84
234,90,2025-07-06,WhatsApp,91
235,246,2025-07-20,Telefone,19
236,33,2025-09-02,Email,39
237,104,2025-12-17,Telefone,7
238,162,2025-10-10,WhatsApp,71
239,243,2025-10-25,Email,84
240,98,2025-10-16,Reunião,8
241,444,2025-07-14,Reunião,36
242,64,2025-09-25,WhatsApp,53
243,381,2025-09-07,WhatsApp,45
244,499,2025-11-11,WhatsApp,90
245,255,2025-09-25,Reunião,12
246,373,2025-09-11,Email,57
247,309,2025-11-12,Reunião,43
248,53,2025-12-08,Reunião,86
249,152,2025-10-11,WhatsApp,79
250,368,2025-09-10,Telefone,90
251,228,2025-09-30,WhatsApp,7
252,373,2025-09-29,WhatsApp,37
253,328,2025-12-14,Email,87
254,327,2025-09-16,Reunião,67
255,411,2025-07-08,Telefone,5
256,74,2025-07-26,WhatsApp,6
257,65,2025-12-11,Telefone,84
258,188,2025-09-27,WhatsApp,74
259,17,2025-07-27,Telefone,88
260,231,2025-09-25,Reunião,58
261,391,2025-12-09,Telefone,69
262,188,2025-09-18,Reunião,85
263,143,2025-10-26,Email,5
264,377,2025-11-11,WhatsApp,68
265,199,2025-08-07,Email,35
266,397,2025-10-23,WhatsApp,29
267,314,2025-10-16,WhatsApp,27
268,63,2025-11-24,Email,59
269,89,2025-09-06,Email,89
270,496,2025-10-08,Reunião,92
271,34,2025-08-10,Reunião,40
272,436,2025-11-18,Telefone,48
273,261,2025-11-01,Email,27
274,406,2025-11-23,Telefone,65
275,14,2025-09-27,Reunião,61
276,412,2025-08-09,Telefone,80
277,453,2025-12-06,Email,41
278,204,2025-08-28,WhatsApp,54
279,422,2025-08-03,Email,18
280,498,2025-10-08,Email,59
281,239,2025-07-07,Reunião,18
282,450,2025-08-09,Telefone,18
283,222,2025-08-22,Email,17
284,266,2025-11-19,Reunião,23
285,83,2025-10-07,Telefone,46
286,486,2025-08-18,Reunião,12
287,129,2025-11-08,Reunião,18
288,321,2025-10-12,Email,66
289,329,2025-11-15,Telefone,23
290,338,2025-07-22,Reunião,74
291,22,2025-12-21,Email,7
292,486,2025-07-17,Reunião,85
293,108,2025-08-04,WhatsApp,81
294,328,2025-12-21,WhatsApp,82
295,280,2025-10-15,Reunião,63
296,126,2025-07-06,WhatsApp,40
297,233,2025-12-10,Email,22
298,226,2025-09-13,WhatsApp,61
299,105,2025-10-02,Telefone,42
300,442,2025-10-08,Reunião,53
301,67,2025-09-25,Email,42
302,124,2025-08-31,Email,36
303,231,2025-10-26,Telefone,14
304,26,2025-10-15,WhatsApp,80
305,215,2025-10-26,Telefone,43
306,479,2025-08-03,Reunião,26
307,391,2025-11-18,WhatsApp,67
308,240,2025-08-23,Reunião,65
309,12,2025-12-05,WhatsApp,66
310,235,2025-10-28,Telefone,76
311,181,2025-12-16,Email,38
312,254,2025-07-29,WhatsApp,38
313,275,2025-12-26,Email,57
314,69,2025-10-22,Reunião,53
315,188,2025-12-17,WhatsApp,8
316,292,2025-08-07,Telefone,48
317,284,2025-10-16,Email,51
318,259,2025-09-04,Reunião,81
319,349,2025-07-25,Email,18
320,500,2025-12-04,WhatsApp,49
321,407,2025-10-03,Reunião,20
322,102,2025-07-27,WhatsApp,66
323,21,2025-12-17,Email,19
324,366,2025-10-04,WhatsApp,68
325,234,2025-11-20,Telefone,43
326,477,2025-07-25,Reunião,22
327,202,2025-07-24,Reunião,77
328,173,2025-08-21,WhatsApp,92
329,289,2025-10-13,WhatsApp,4
330,189,2025-10-05,Email,55
331,299,2025-10-11,Email,78
332,243,2025-10-22,Telefone,94
333,27,2025-08-01,WhatsApp,23
334,269,2025-07-20,WhatsApp,20
335,421,2025-07-07,Telefone,6
336,294,2025-07-02,Email,26
337,10,2025-09-07,Reunião,55
338,78,2025-09-14,Telefone,54
339,257,2025-07-25,WhatsApp,96
340,373,2025-12-13,Telefone,68
341,107,2025-08-07,Reunião,86
342,245,2025-08-16,WhatsApp,42
343,490,2025-11-14,WhatsApp,70
344,176,2025-08-11,Reunião,88
345,396,2025-07-07,Reunião,80
346,248,2025-11-09,Telefone,37
347,286,2025-10-13,Telefone,40
348,395,2025-10-16,Telefone,90
349,361,2025-08-25,Reunião,63
350,179,2025-08-07,Reunião,38
351,63,2025-08-04,WhatsApp,52
352,420,2025-10-01,Telefone,39
353,22,2025-10-16,Email,46
354,474,2025-09-06,Reunião,63
355,110,2025-11-07,Reunião,73
356,357,2025-10-20,Telefone,15
357,316,2025-07-31,Telefone,33
358,26,2025-07-10,Telefone,83
359,120,2025-12-15,Email,54
360,170,2025-08-30,Email,89
361,395,2025-11-23,Email,72
362,476,2025-11-18,WhatsApp,85
363,479,2025-08-29,WhatsApp,85
364,103,2025-10-16,Reunião,38
365,331,2025-12-13,Email,85
366,294,2025-10-30,Email,24
367,214,2025-11-13,Email,52
368,404,2025-08-24,Telefone,39
369,449,2025-12-19,Email,40
370,291,2025-07-27,Email,44
371,146,2025-09-03,WhatsApp,19
372,436,2025-08-21,WhatsApp,36
373,99,2025-11-30,Reunião,22
374,375,2025-09-02,Reunião,93
375,96,2025-12-25,Reunião,39
376,291,2025-07-09,Telefone,24
377,313,2025-07-18,WhatsApp,56
378,264,2025-10-06,Email,53
379,343,2025-12-04,Telefone,19
380,245,2025-10-07,Telefone,2
381,134,2025-09-21,Telefone,59
382,386,2025-10-21,Reunião,40
383,299,2025-08-04,Email,35
384,335,2025-09-27,Telefone,9
385,342,2025-11-28,WhatsApp,41
386,82,2025-09-16,Reunião,90
387,61,2025-07-18,Reunião,49
388,315,2025-11-02,Telefone,19
389,245,2025-11-19,WhatsApp,79
390,192,2025-09-13,WhatsApp,70
391,411,2025-07-11,Telefone,33
392,349,2025-07-29,Email,69
393,229,2025-08-15,Reunião,11
394,470,2025-08-06,Email,9
395,425,2025-08-10,Telefone,75
396,275,2025-11-20,Telefone,43
397,438,2025-08-17,WhatsApp,16
398,349,2025-11-06,WhatsApp,13
399,461,2025-08-20,WhatsApp,9
400,233,2025-11-25,WhatsApp,60
401,289,2025-12-14,WhatsApp,88
402,414,2025-10-11,Email,52
403,131,2025-12-28,Telefone,76
404,38,2025-12-17,WhatsApp,46
405,359,2025-12-12,Email,10
406,479,2025-08-30,Email,38
407,210,2025-11-12,Telefone,84
408,374,2025-07-16,WhatsApp,49
409,457,2025-09-22,WhatsApp,50
410,193,2025-12-08,Telefone,85
411,441,2025-09-30,Email,24
412,276,2025-09-19,Telefone,95
413,115,2025-12-28,Email,40
414,238,2025-07-09,WhatsApp,70
415,195,2025-10-31,Telefone,60
416,178,2025-11-19,Reunião,26
417,480,2025-11-30,Email,86
418,215,2025-07-24,Email,32
419,106,2025-12-11,Email,78
420,18,2025-09-05,Email,33
421,380,2025-12-17,WhatsApp,58
422,120,2025-08-12,Telefone,9
423,72,2025-08-22,Reunião,31
424,418,2025-08-03,Reunião,75
425,307,2025-07-09,Reunião,32
426,155,2025-11-22,Telefone,54
427,154,2025-10-19,Email,73
428,486,2025-07-30,Telefone,82
429,348,2025-09-10,WhatsApp,8
430,498,2025-10-01,WhatsApp,69
431,164,2025-07-03,WhatsApp,54
432,77,2025-10-13,WhatsApp,25
433,387,2025-08-13,WhatsApp,32
434,435,2025-11-01,Reunião,92
435,74,2025-09-01,Email,73
436,212,2025-09-13,Telefone,51
437,125,2025-10-24,Telefone,44
438,332,2025-12-08,WhatsApp,49
439,48,2025-08-13,Telefone,8
440,138,2025-09-23,Email,11
441,97,2025-07-31,Telefone,63
442,107,2025-10-04,Reunião,3
443,109,2025-11-10,Email,63
444,469,2025-10-27,Telefone,52
445,469,2025-10-28,Reunião,38
446,195,2025-08-31,Reunião,41
447,134,2025-09-27,WhatsApp,61
448,51,2025-08-30,Reunião,28
449,190,2025-10-09,WhatsApp,7
450,289,2025-11-02,Telefone,4
451,134,2025-08-09,WhatsApp,39
452,79,2025-11-08,Reunião,31
453,195,2025-08-05,Telefone,65
454,282,2025-07-14,Reunião,34
455,391,2025-08-25,WhatsApp,60
456,87,2025-09-29,Telefone,19
457,369,2025-08-11,WhatsApp,25
458,470,2025-08-12,Email,69
459,18,2025-12-09,Email,2
460,212,2025-11-23,Telefone,10
461,363,2025-11-20,Email,29
462,259,2025-09-03,Reunião,9
463,317,2025-07-18,WhatsApp,86
464,250,2025-12-24,Email,70
465,283,2025-09-14,Email,4
466,272,2025-10-19,Reunião,4
467,258,2025-07-03,WhatsApp,24
468,55,2025-12-04,Telefone,32
469,99,2025-07-23,Reunião,47
470,137,2025-09-18,Email,49
471,492,2025-09-16,WhatsApp,74
472,125,2025-07-03,Telefone,40
473,351,2025-12-08,Email,13
474,208,2025-09-22,WhatsApp,72
475,244,2025-12-14,Email,91
476,88,2025-12-07,WhatsApp,57
477,331,2025-10-05,Email,69
478,471,2025-12-18,Telefone,29
479,462,2025-07-04,WhatsApp,36
480,24,2025-12-09,Reunião,71
481,289,2025-07-13,Email,24
482,476,2025-10-09,Email,28
483,301,2025-11-22,WhatsApp,11
484,154,2025-11-17,Telefone,74
485,428,2025-09-20,Reunião,51
486,387,2025-11-23,Email,66
487,382,2025-10-01,Email,14
488,224,2025-10-30,Email,45
489,310,2025-07-24,WhatsApp,43
490,16,2025-07-19,Reunião,59
491,252,2025-10-31,Reunião,72
492,482,2025-09-23,WhatsApp,25
493,349,2025-08-01,WhatsApp,12
494,396,2025-07-23,Reunião,33
495,366,2025-12-10,Email,36
496,79,2025-09-22,Telefone,96
497,200,2025-10-08,Reunião,15
498,47,2025-12-27,Reunião,58
499,185,2025-10-20,Email,18
500,45,2025-11-11,WhatsApp,59
501,286,2025-08-08,WhatsApp,15
502,14,2025-12-06,Reunião,72
503,48,2025-07-29,Reunião,51
504,7,2025-10-15,WhatsApp,51
505,399,2025-12-07,Telefone,75
506,267,2025-11-15,WhatsApp,23
507,72,2025-10-21,Reunião,36
508,253,2025-11-21,Email,23
509,223,2025-10-19,WhatsApp,40
510,248,2025-12-09,Reunião,34
511,484,2025-10-26,WhatsApp,78
512,316,2025-11-08,WhatsApp,15
513,70,2025-10-12,Email,52
514,171,2025-07-23,WhatsApp,44
515,226,2025-10-04,WhatsApp,85
516,499,2025-07-29,Telefone,40
517,165,2025-07-27,Telefone,63
518,161,2025-11-13,WhatsApp,42
519,150,2025-07-04,WhatsApp,75
520,401,2025-10-27,Reunião,50
521,144,2025-09-19,Reunião,16
522,478,2025-08-06,Telefone,77
523,280,2025-11-12,Email,95
524,237,2025-11-05,WhatsApp,39
525,426,2025-07-04,Email,54
526,345,2025-08-23,Telefone,83
527,156,2025-10-28,Reunião,86
528,79,2025-09-11,WhatsApp,11
529,230,2025-07-28,WhatsApp,76
530,206,2025-08-14,WhatsApp,71
531,19,2025-09-27,Email,15
532,394,2025-10-26,Reunião,23
533,332,2025-07-25,Email,74
534,331,2025-07-08,WhatsApp,44
535,495,2025-09-09,Email,3
536,51,2025-10-23,Telefone,67
537,383,2025-08-18,Telefone,59
538,192,2025-09-19,WhatsApp,88
539,302,2025-07-05,Telefone,46
540,13,2025-08-27,Email,39
541,213,2025-12-07,Email,95
542,73,2025-09-30,Reunião,45
543,234,2025-11-06,WhatsApp,46
544,244,2025-12-04,WhatsApp,94
545,357,2025-09-04,Reunião,10
546,154,2025-12-17,Email,4
547,435,2025-10-02,Email,88
548,410,2025-11-16,Telefone,68
549,90,2025-08-09,Telefone,44
550,287,2025-09-10,WhatsApp,31
551,409,2025-09-16,Telefone,25
552,328,2025-07-13,WhatsApp,52
553,15,2025-07-24,Telefone,59
554,304,2025-09-10,WhatsApp,2
555,361,2025-11-04,Telefone,37
556,386,2025-12-12,Email,70
557,96,2025-09-26,Reunião,27
558,235,2025-11-29,Reunião,87
559,442,2025-08-25,Reunião,78
560,199,2025-07-25,WhatsApp,77
561,59,2025-09-30,Reunião,60
562,317,2025-11-14,Reunião,80
563,303,2025-12-07,Telefone,42
564,61,2025-10-28,Reunião,16
565,94,2025-09-24,Telefone,67
566,199,2025-09-12,Telefone,75
567,197,2025-09-11,Telefone,64
568,326,2025-08-13,Telefone,73
569,86,2025-08-25,Reunião,19
570,96,2025-10-09,WhatsApp,81
571,28,2025-09-28,Email,64
572,70,2025-11-09,WhatsApp,73
573,259,2025-07-14,WhatsApp,54
574,351,2025-08-25,WhatsApp,92
575,431,2025-09-06,WhatsApp,23
576,43,2025-08-06,Email,30
577,150,2025-12-20,Reunião,30
578,276,2025-10-16,Telefone,60
579,290,2025-08-24,Email,75
580,59,2025-10-21,Reunião,71
581,422,2025-12-18,WhatsApp,71
582,112,2025-09-11,Email,96
583,425,2025-07-14,Telefone,40
584,448,2025-12-20,WhatsApp,35
585,179,2025-12-06,WhatsApp,17
586,398,2025-10-29,Telefone,96
587,302,2025-07-05,Reunião,92
588,313,2025-07-20,WhatsApp,23
589,316,2025-11-23,Telefone,28
590,413,2025-12-13,Reunião,70
591,144,2025-07-29,Telefone,43
592,361,2025-10-15,Reunião,75
593,137,2025-08-19,Email,19
594,493,2025-09-14,Email,37
595,444,2025-07-14,Telefone,91
596,444,2025-11-25,Telefone,20
597,365,2025-10-07,Telefone,88
598,202,2025-08-25,Telefone,75
599,324,2025-10-21,WhatsApp,50
600,232,2025-12-09,Email,53
601,264,2025-10-18,Reunião,60
602,487,2025-08-26,Reunião,76
603,2,2025-12-05,WhatsApp,83
604,341,2025-07-03,Reunião,10
605,408,2025-08-14,WhatsApp,29
606,496,2025-09-10,Telefone,65
607,138,2025-10-07,Reunião,45
608,281,2025-08-03,Telefone,74
609,437,2025-08-26,Reunião,89
610,391,2025-12-16,Email,14
611,321,2025-09-02,Email,17
612,476,2025-11-18,WhatsApp,60
613,1,2025-09-10,Telefone,90
614,466,2025-11-25,Reunião,22
615,448,2025-10-19,Email,85
616,185,2025-10-25,Email,49
617,341,2025-07-15,Telefone,8
618,203,2025-07-21,Reunião,94
619,359,2025-10-30,WhatsApp,85
620,47,2025-12-04,Email,29
621,245,2025-12-09,Telefone,77
622,116,2025-08-18,WhatsApp,3
623,5,2025-07-03,Reunião,17
624,441,2025-09-11,Telefone,63
625,37,2025-10-31,WhatsApp,13
626,375,2025-12-02,Email,42
627,189,2025-10-13,Telefone,50
628,397,2025-11-24,Telefone,10
629,272,2025-08-06,Email,80
630,333,2025-11-16,WhatsApp,46
631,370,2025-11-04,Telefone,54
632,316,2025-07-06,WhatsApp,29
633,45,2025-12-03,Telefone,17
634,302,2025-09-21,Reunião,56
635,162,2025-11-23,Telefone,37
636,331,2025-12-07,Telefone,72
637,308,2025-07-28,Reunião,90
638,14,2025-07-13,Reunião,28
639,266,2025-07-26,Telefone,52
640,152,2025-07-16,Email,32
641,254,2025-09-21,Email,32
642,256,2025-07-18,Email,69
643,456,2025-12-25,Reunião,42
644,68,2025-09-20,WhatsApp,48
645,280,2025-07-07,Telefone,62
646,489,2025-12-10,Email,77
647,35,2025-12-25,Reunião,29
648,21,2025-12-13,WhatsApp,66
649,147,2025-07-21,WhatsApp,56
650,360,2025-09-17,Email,83
651,275,2025-08-13,Telefone,37
652,43,2025-10-10,Email,67
653,472,2025-11-06,Telefone,70
654,168,2025-09-19,Email,41
655,358,2025-09-08,Telefone,9
656,126,2025-12-06,WhatsApp,16
657,233,2025-07-25,Email,41
658,342,2025-07-13,Telefone,17
659,7,2025-11-23,Email,22
660,255,2025-10-01,Reunião,23
661,191,2025-11-26,Reunião,95
662,454,2025-11-28,Email,44
663,414,2025-09-10,Reunião,69
664,33,2025-10-22,Email,65
665,234,2025-08-20,Reunião,9
666,256,2025-08-05,Telefone,49
667,81,2025-10-24,Email,75
668,346,2025-11-29,Telefone,96
669,261,2025-12-28,Email,3
670,126,2025-12-17,WhatsApp,48
671,197,2025-11-20,Telefone,6
672,284,2025-07-14,WhatsApp,30
673,165,2025-10-26,WhatsApp,94
674,164,2025-10-20,Email,75
675,191,2025-11-28,Email,24
676,115,2025-08-18,Email,53
677,36,2025-08-31,Reunião,41
678,168,2025-12-06,WhatsApp,3
679,189,2025-11-07,Reunião,74
680,402,2025-10-12,Telefone,61
681,189,2025-07-30,WhatsApp,27
682,376,2025-08-11,Telefone,21
683,4,2025-09-15,Email,31
684,278,2025-10-01,Email,44
685,1,2025-07-13,WhatsApp,96
686,373,2025-10-11,Email,28
687,272,2025-10-29,WhatsApp,64
688,493,2025-12-13,Telefone,93
689,144,2025-12-05,Email,31
690,460,2025-08-17,WhatsApp,91
691,459,2025-09-24,WhatsApp,12
692,298,2025-12-04,Telefone,83
693,420,2025-09-19,Email,77
694,291,2025-12-13,WhatsApp,86
695,494,2025-11-25,Telefone,39
696,134,2025-10-09,WhatsApp,91
697,426,2025-10-06,Reunião,59
698,140,2025-10-30,Email,27
699,70,2025-08-01,Email,21
700,55,2025-11-16,WhatsApp,61
701,161,2025-09-15,Email,70
702,184,2025-11-05,WhatsApp,41
703,238,2025-10-22,Email,13
704,81,2025-07-06,Reunião,92
705,357,2025-07-27,Email,29
706,428,2025-10-06,Telefone,13
707,365,2025-10-26,Reunião,52
708,263,2025-12-16,Reunião,35
709,420,2025-11-14,Email,53
710,438,2025-09-04,Telefone,14
711,237,2025-12-02,Telefone,17
712,7,2025-12-13,Telefone,18
713,102,2025-09-17,Reunião,89
714,323,2025-07-16,Email,76
715,301,2025-10-23,Email,4
716,34,2025-11-08,WhatsApp,18
717,48,2025-10-05,Email,7
718,483,2025-09-01,Email,23
719,474,2025-08-04,WhatsApp,94
720,203,2025-08-23,Email,50
721,350,2025-09-10,Telefone,47
722,110,2025-11-11,Reunião,37
723,229,2025-11-20,Email,80
724,318,2025-07-24,Telefone,84
725,152,2025-08-23,WhatsApp,72
726,246,2025-12-13,Email,37
727,197,2025-11-23,WhatsApp,27
728,330,2025-08-16,Telefone,82
729,411,2025-08-11,Email,50
730,401,2025-09-28,WhatsApp,71
731,401,2025-08-26,Reunião,74
732,258,2025-10-07,WhatsApp,36
733,93,2025-12-22,Reunião,78
734,113,2025-12-21,Reunião,9
735,415,2025-08-30,Reunião,76
736,120,2025-11-18,Email,33
737,337,2025-10-28,Reunião,70
738,418,2025-12-14,Telefone,75
739,434,2025-09-20,Reunião,24
740,91,2025-10-29,Reunião,96
741,358,2025-09-28,Email,92
742,359,2025-09-29,Telefone,74
743,486,2025-11-10,WhatsApp,71
744,159,2025-11-14,WhatsApp,6
745,47,2025-12-14,Telefone,79
746,113,2025-12-23,WhatsApp,2
747,170,2025-07-24,Telefone,18
748,175,2025-11-13,Reunião,9
749,12,2025-11-21,Telefone,16
750,434,2025-08-16,Reunião,11
751,192,2025-07-12,WhatsApp,77
752,52,2025-10-03,Reunião,43
753,70,2025-11-18,WhatsApp,83
754,492,2025-08-26,Reunião,24
755,363,2025-08-07,Reunião,30
756,341,2025-07-31,Telefone,50
757,158,2025-07-05,Reunião,18
758,91,2025-12-28,WhatsApp,74
759,17,2025-11-12,Reunião,80
760,114,2025-07-18,Email,65
761,73,2025-10-05,Email,32
762,178,2025-10-08,Telefone,83
763,454,2025-12-06,Reunião,59
764,6,2025-10-22,Telefone,33
765,355,2025-12-11,Reunião,34
766,403,2025-12-01,Email,8
767,198,2025-09-07,WhatsApp,23
768,453,2025-09-14,WhatsApp,50
769,180,2025-08-11,WhatsApp,14
770,425,2025-08-28,Telefone,22
771,232,2025-12-10,Email,39
772,11,2025-10-08,Reunião,15
773,38,2025-10-02,Telefone,50
774,83,2025-12-09,Email,45
775,305,2025-07-24,WhatsApp,92
776,16,2025-09-09,Telefone,79
777,456,2025-09-08,Telefone,8
778,52,2025-10-05,Telefone,26
779,210,2025-07-03,Reunião,86
780,145,2025-10-13,Telefone,14
781,26,2025-09-19,WhatsApp,21
782,28,2025-09-27,Email,56
783,45,2025-10-14,WhatsApp,27
784,50,2025-12-22,Telefone,23
785,327,2025-10-15,Email,62
786,433,2025-11-29,Reunião,52
787,242,2025-08-25,Reunião,13
788,329,2025-08-11,WhatsApp,25
789,190,2025-09-22,Reunião,25
790,229,2025-12-17,Reunião,58
791,239,2025-10-22,Telefone,36
792,289,2025-12-13,Telefone,91
793,342,2025-12-04,Email,87
794,177,2025-08-12,WhatsApp,77
795,117,2025-08-09,Email,51
796,420,2025-08-17,WhatsApp,70
797,352,2025-08-29,Telefone,62
798,154,2025-12-08,WhatsApp,93
799,18,2025-08-22,Telefone,17
800,487,2025-09-05,Telefone,23
801,498,2025-11-04,Telefone,18
802,22,2025-09-11,Email,89
803,223,2025-11-07,Telefone,78
804,133,2025-10-08,Email,13
805,199,2025-08-08,WhatsApp,72
806,167,2025-10-19,WhatsApp,3
807,403,2025-07-02,WhatsApp,16
808,213,2025-11-20,Telefone,74
809,302,2025-08-01,Email,15
810,289,2025-12-03,Reunião,70
811,451,2025-10-01,WhatsApp,35
812,197,2025-07-14,WhatsApp,75
813,312,2025-08-29,Email,24
814,142,2025-09-16,Telefone,81
815,312,2025-07-07,WhatsApp,6
816,203,2025-10-05,Telefone,8
817,382,2025-08-29,Reunião,49
818,11,2025-10-03,Reunião,41
819,144,2025-08-25,Email,31
820,69,2025-10-13,WhatsApp,43
821,138,2025-09-13,Email,26
822,227,2025-11-04,WhatsApp,96
823,249,2025-08-18,Reunião,9
824,264,2025-11-18,Email,41
825,364,2025-08-21,WhatsApp,19
826,400,2025-08-16,Email,24
827,99,2025-11-07,Email,33
828,17,2025-09-03,Email,48
829,361,2025-11-08,Reunião,49
830,422,2025-09-01,WhatsApp,83
831,473,2025-11-27,Email,32
832,191,2025-08-25,WhatsApp,24
833,492,2025-08-29,Reunião,46
834,84,2025-10-23,Email,38
835,15,2025-09-21,Email,22
836,438,2025-08-04,Telefone,30
837,332,2025-11-01,Telefone,36
838,334,2025-09-15,Email,89
839,5,2025-08-29,Telefone,84
840,89,2025-07-28,Email,30
841,130,2025-07-26,Reunião,93
842,496,2025-07-17,Reunião,56
843,459,2025-09-23,Reunião,60
844,130,2025-11-03,WhatsApp,40
845,347,2025-08-17,WhatsApp,76
846,53,2025-12-27,Reunião,73
847,332,2025-07-29,Reunião,40
848,351,2025-12-01,WhatsApp,10
849,173,2025-10-19,Reunião,37
850,134,2025-07-14,Reunião,26
851,77,2025-08-18,Telefone,9
852,413,2025-07-28,WhatsApp,86
853,164,2025-07-07,Telefone,94
854,14,2025-07-14,WhatsApp,39
855,133,2025-09-12,WhatsApp,51
856,378,2025-12-19,Telefone,45
857,372,2025-11-02,WhatsApp,87
858,184,2025-08-21,Reunião,23
859,431,2025-07-13,Telefone,39
860,50,2025-08-30,Telefone,96
861,133,2025-08-07,Telefone,89
862,461,2025-10-04,Email,30
863,182,2025-11-01,Reunião,55
864,404,2025-10-05,Reunião,35
865,300,2025-10-14,WhatsApp,17
866,241,2025-12-15,Email,62
867,456,2025-11-09,Email,89
868,196,2025-08-15,Reunião,54
869,28,2025-11-20,Telefone,27
870,176,2025-09-15,WhatsApp,20
871,162,2025-11-12,Email,64
872,171,2025-07-20,Telefone,42
873,325,2025-12-14,Email,59
874,141,2025-11-05,Telefone,75
875,392,2025-11-18,WhatsApp,13
876,67,2025-07-24,WhatsApp,83
877,220,2025-09-16,WhatsApp,63
878,197,2025-12-27,Email,70
879,103,2025-09-24,Email,43
880,388,2025-08-15,Telefone,4
881,347,2025-12-27,Telefone,30
882,356,2025-10-01,Reunião,18
883,53,2025-09-21,Reunião,23
884,34,2025-12-17,Reunião,39
885,234,2025-08-17,Reunião,57
886,455,2025-07-06,Telefone,45
887,462,2025-08-25,Reunião,26
888,85,2025-09-16,Email,31
889,115,2025-11-25,Telefone,95
890,12,2025-07-31,Telefone,17
891,188,2025-07-15,Email,50
892,449,2025-07-18,Reunião,70
893,320,2025-12-16,Email,86
894,56,2025-07-14,Email,8
895,354,2025-11-29,WhatsApp,58
896,195,2025-11-27,Reunião,62
897,360,2025-11-19,Telefone,90
898,352,2025-07-20,Email,40
899,216,2025-07-12,Email,86
900,267,2025-10-20,Telefone,55
901,426,2025-12-02,Email,38
902,59,2025-12-01,WhatsApp,27
903,312,2025-11-07,Reunião,68
904,499,2025-11-07,Reunião,92
905,210,2025-10-14,Telefone,7
906,281,2025-08-23,Telefone,90
907,478,2025-08-27,Reunião,32
908,2,2025-12-25,Email,16
909,428,2025-08-04,WhatsApp,21
910,487,2025-12-05,Email,94
911,371,2025-12-03,Reunião,84
912,119,2025-09-03,Reunião,35
913,238,2025-12-16,Email,24
914,448,2025-12-18,Reunião,48
915,411,2025-07-08,Reunião,56
916,379,2025-11-29,Email,7
917,5,2025-11-23,Telefone,44
918,184,2025-09-07,Reunião,95
919,48,2025-09-24,Reunião,25
920,59,2025-09-17,WhatsApp,60
921,140,2025-09-21,WhatsApp,55
922,333,2025-11-16,Email,18
923,357,2025-12-13,Telefone,15
924,214,2025-07-30,WhatsApp,74
925,348,2025-09-07,Telefone,80
926,195,2025-09-28,Email,89
927,451,2025-11-25,WhatsApp,64
928,58,2025-09-14,WhatsApp,7
929,33,2025-10-23,Reunião,3
930,361,2025-07-08,Telefone,87
931,448,2025-10-03,Email,57
932,339,2025-10-26,WhatsApp,46
933,340,2025-07-08,WhatsApp,21
934,430,2025-08-08,Email,3
935,330,2025-11-18,WhatsApp,65
936,446,2025-11-16,Email,64
937,165,2025-10-28,Reunião,37
938,26,2025-08-21,Telefone,72
939,330,2025-09-23,WhatsApp,32
940,41,2025-09-02,WhatsApp,75
941,230,2025-12-06,WhatsApp,59
942,162,2025-11-28,WhatsApp,85
943,10,2025-12-02,WhatsApp,54
944,19,2025-08-08,Email,13
945,406,2025-07-27,Reunião,67
946,288,2025-11-06,WhatsApp,45
947,187,2025-12-15,Telefone,60
948,170,2025-08-07,WhatsApp,93
949,337,2025-09-26,WhatsApp,16
950,50,2025-07-13,Telefone,2
951,175,2025-09-29,Reunião,72
952,268,2025-09-24,Email,7
953,460,2025-11-16,WhatsApp,19
954,421,2025-09-15,Email,34
955,313,2025-11-08,Telefone,17
956,477,2025-09-19,Telefone,60
957,423,2025-11-10,Reunião,15
958,388,2025-09-13,Email,83
959,429,2025-07-09,Email,59
960,235,2025-07-13,Telefone,65
961,3,2025-08-15,Email,72
962,479,2025-09-09,WhatsApp,67
963,400,2025-11-13,Telefone,95
964,418,2025-11-26,Email,51
965,337,2025-07-28,Reunião,66
966,452,2025-09-21,WhatsApp,79
967,469,2025-07-04,Telefone,37
968,204,2025-10-02,Reunião,59
969,413,2025-11-24,Telefone,54
970,309,2025-07-02,Reunião,91
971,281,2025-10-09,Telefone,27
972,108,2025-07-22,Reunião,89
973,177,2025-07-09,Telefone,92
974,333,2025-11-13,Reunião,92
975,60,2025-09-29,WhatsApp,76
976,293,2025-07-11,WhatsApp,88
977,383,2025-08-14,Reunião,56
978,414,2025-12-25,Email,5
979,196,2025-11-21,Email,87
980,29,2025-11-07,Reunião,22
981,147,2025-07-07,Reunião,20
982,430,2025-12-13,Reunião,28
983,386,2025-08-12,Email,47
984,417,2025-09-04,Email,80
985,445,2025-07-09,Telefone,84
986,288,2025-09-20,Telefone,67
987,402,2025-07-03,Reunião,90
988,341,2025-12-16,WhatsApp,51
989,214,2025-07-06,Reunião,72
990,28,2025-12-25,Reunião,27
991,318,2025-09-06,Telefone,83
992,361,2025-07-16,Reunião,77
993,280,2025-07-27,Telefone,94
994,494,2025-11-09,Reunião,59
995,91,2025-07-07,Email,25
996,493,2025-11-14,Email,50
997,21,2025-09-10,Reunião,73
998,136,2025-11-25,Telefone,76
999,434,2025-10-24,Email,44
1000,239,2025-11-19,Email,21
1001,476,2025-10-07,Email,82
1002,316,2025-07-12,Reunião,64
1003,405,2025-08-04,Reunião,11
1004,402,2025-10-08,Telefone,25
1005,267,2025-12-11,Telefone,55
1006,279,2025-08-13,WhatsApp,13
1007,179,2025-11-02,Telefone,86
1008,170,2025-10-05,Reunião,39
1009,112,2025-07-23,WhatsApp,73
1010,422,2025-07-15,Email,16
1011,343,2025-10-01,WhatsApp,32
1012,464,2025-07-17,Telefone,7
1013,350,2025-10-07,WhatsApp,16
1014,198,2025-10-24,Reunião,5
1015,467,2025-08-18,Reunião,67
1016,412,2025-08-20,WhatsApp,64
1017,23,2025-10-14,Telefone,43
1018,264,2025-12-07,Email,23
1019,498,2025-08-13,Email,82
1020,34,2025-11-05,Telefone,89
1021,218,2025-12-02,Telefone,70
1022,425,2025-07-02,WhatsApp,84
1023,419,2025-12-10,Telefone,5
1024,236,2025-10-05,Email,13
1025,38,2025-12-15,Telefone,34
1026,286,2025-12-10,Telefone,35
1027,209,2025-09-20,WhatsApp,82
1028,208,2025-09-09,Reunião,4
1029,200,2025-07-09,Email,70
1030,4,2025-07-17,Email,76
1031,24,2025-07-02,Email,47
1032,476,2025-08-22,Email,39
1033,403,2025-07-06,Reunião,79
1034,45,2025-10-17,WhatsApp,50
1035,203,2025-07-12,Email,62
1036,81,2025-08-14,Telefone,19
1037,383,2025-09-19,Reunião,83
1038,74,2025-10-13,Reunião,3
1039,284,2025-08-08,Telefone,17
1040,22,2025-12-27,WhatsApp,70
1041,281,2025-12-07,Reunião,28
1042,384,2025-10-01,Telefone,54
1043,464,2025-07-16,Telefone,22
1044,95,2025-11-02,Reunião,26
1045,59,2025-11-12,Email,72
1046,237,2025-07-16,Email,39
1047,344,2025-12-11,Reunião,14
1048,102,2025-08-02,WhatsApp,44
1049,183,2025-11-26,Telefone,14
1050,146,2025-07-23,Email,26
1051,163,2025-08-26,WhatsApp,44
1052,316,2025-07-13,Reunião,90
1053,300,2025-11-19,Reunião,42
1054,491,2025-09-10,Telefone,2
1055,161,2025-10-26,Telefone,93
1056,379,2025-07-17,WhatsApp,37
1057,431,2025-09-27,Telefone,88
1058,376,2025-10-05,WhatsApp,61
1059,229,2025-09-28,Reunião,64
1060,283,2025-12-01,Telefone,84
1061,311,2025-12-08,Reunião,19
1062,457,2025-08-13,Telefone,35
1063,376,2025-07-21,Email,95
1064,39,2025-12-24,Email,76
1065,297,2025-09-16,Telefone,6
1066,283,2025-10-23,WhatsApp,85
1067,397,2025-11-20,Reunião,52
1068,115,2025-07-31,Reunião,19
1069,238,2025-08-22,Email,52
1070,187,2025-08-22,Email,86
1071,123,2025-07-24,Telefone,67
1072,72,2025-09-05,Telefone,24
1073,290,2025-08-06,Telefone,96
1074,375,2025-08-27,Reunião,7
1075,113,2025-08-26,Telefone,10
1076,136,2025-09-25,Telefone,7
1077,343,2025-11-06,Reunião,51
1078,241,2025-09-03,Email,7
1079,333,2025-10-07,Email,92
1080,496,2025-08-17,Reunião,96
1081,135,2025-08-02,Telefone,50
1082,335,2025-09-23,Reunião,77
1083,335,2025-12-09,Reunião,50
1084,499,2025-11-01,WhatsApp,47
1085,419,2025-10-01,WhatsApp,63
1086,455,2025-07-27,Email,66
1087,452,2025-11-23,WhatsApp,23
1088,118,2025-12-09,Reunião,29
1089,77,2025-11-11,Telefone,48
1090,309,2025-11-28,Telefone,55
1091,416,2025-10-05,Email,63
1092,346,2025-08-28,WhatsApp,28
1093,303,2025-11-17,WhatsApp,4
1094,125,2025-12-17,Telefone,75
1095,304,2025-11-17,Telefone,82
1096,263,2025-12-18,Telefone,9
1097,86,2025-10-23,Telefone,68
1098,491,2025-09-16,Email,94
1099,373,2025-07-12,Reunião,12
1100,111,2025-09-05,WhatsApp,63
1101,88,2025-11-02,WhatsApp,78
1102,74,2025-08-01,Telefone,81
1103,338,2025-08-20,Reunião,23
1104,371,2025-07-06,Reunião,60
1105,306,2025-07-30,Email,31
1106,194,2025-09-21,Telefone,15
1107,9,2025-11-07,WhatsApp,21
1108,311,2025-12-04,Telefone,62
1109,462,2025-07-24,Email,70
1110,258,2025-11-28,Email,63
1111,338,2025-11-25,Email,88
1112,333,2025-09-09,WhatsApp,49
1113,448,2025-12-17,WhatsApp,31
1114,481,2025-08-27,WhatsApp,46
1115,302,2025-07-03,Email,56
1116,69,2025-10-24,WhatsApp,31
1117,466,2025-12-07,Reunião,78
1118,449,2025-08-11,WhatsApp,34
1119,97,2025-12-27,Email,75
1120,268,2025-11-28,Email,50
1121,336,2025-11-06,Reunião,54
1122,186,2025-12-01,Telefone,56
1123,334,2025-08-01,Reunião,35
1124,438,2025-08-13,WhatsApp,74
1125,188,2025-07-25,Reunião,89
1126,204,2025-11-06,WhatsApp,72
1127,402,2025-08-08,WhatsApp,24
1128,190,2025-08-07,WhatsApp,34
1129,158,2025-08-03,Reunião,92
1130,204,2025-11-23,Email,31
1131,229,2025-07-02,Telefone,14
1132,110,2025-08-20,WhatsApp,45
1133,411,2025-08-10,Email,22
1134,200,2025-07-19,Email,13
1135,422,2025-11-21,WhatsApp,78
1136,223,2025-12-06,Email,35
1137,114,2025-09-25,Email,79
1138,20,2025-09-21,WhatsApp,80
1139,336,2025-08-17,Reunião,93
1140,494,2025-07-29,Email,24
1141,328,2025-08-24,WhatsApp,3
1142,104,2025-07-13,Reunião,26
1143,18,2025-07-28,Telefone,80
1144,87,2025-07-09,Email,48
1145,123,2025-07-14,Email,22
1146,45,2025-10-19,WhatsApp,47
1147,343,2025-09-18,WhatsApp,77
1148,103,2025-08-18,Email,96
1149,361,2025-12-11,Email,72
1150,146,2025-08-07,Reunião,46
1151,494,2025-10-19,Telefone,79
1152,494,2025-11-09,WhatsApp,53
1153,295,2025-12-27,Reunião,24
1154,209,2025-08-21,Email,73
1155,38,2025-08-22,Reunião,45
1156,485,2025-11-29,Reunião,70
1157,417,2025-08-03,Reunião,90
1158,227,2025-09-23,WhatsApp,33
1159,388,2025-10-03,WhatsApp,89
1160,236,2025-07-31,Email,63
1161,60,2025-10-23,Email,50
1162,325,2025-11-02,Telefone,42
1163,212,2025-09-29,Email,91
1164,427,2025-10-22,Telefone,38
1165,48,2025-09-17,Reunião,11
1166,284,2025-11-13,WhatsApp,42
1167,182,2025-11-03,Reunião,25
1168,485,2025-07-07,Telefone,65
1169,378,2025-11-07,Telefone,96
1170,124,2025-10-22,Telefone,31
1171,104,2025-10-26,Reunião,21
1172,399,2025-12-01,Email,12
1173,347,2025-07-12,WhatsApp,80
1174,4,2025-08-12,Email,63
1175,191,2025-07-23,Reunião,65
1176,460,2025-08-03,Reunião,64
1177,94,2025-08-20,Reunião,52
1178,114,2025-08-03,Telefone,8
1179,270,2025-09-11,WhatsApp,71
1180,17,2025-08-22,Reunião,52
1181,441,2025-07-06,Telefone,60
1182,500,2025-11-28,WhatsApp,42
1183,353,2025-12-26,Email,88
1184,108,2025-09-22,Email,43
1185,186,2025-07-25,Reunião,25
1186,281,2025-10-22,Telefone,36
1187,242,2025-07-25,Reunião,48
1188,95,2025-08-23,WhatsApp,28
1189,215,2025-07-02,Reunião,48
1190,438,2025-09-17,Reunião,59
1191,93,2025-08-04,Telefone,75
1192,352,2025-10-31,Email,94
1193,139,2025-10-29,WhatsApp,50
1194,101,2025-11-21,Telefone,62
1195,413,2025-12-26,Telefone,55
1196,256,2025-11-24,Reunião,64
1197,154,2025-10-25,Email,52
1198,51,2025-07-05,Telefone,9
1199,111,2025-10-24,WhatsApp,82
1200,50,2025-09-04,Reunião,35
1201,185,2025-09-27,Reunião,46
1202,11,2025-09-14,Email,46
1203,445,2025-07-08,Telefone,75
1204,295,2025-07-15,Telefone,38
1205,182,2025-10-06,WhatsApp,96
1206,229,2025-12-08,WhatsApp,80
1207,147,2025-09-01,Telefone,23
1208,328,2025-10-03,WhatsApp,82
1209,314,2025-08-04,WhatsApp,11
1210,41,2025-11-17,Reunião,31
1211,161,2025-10-08,Reunião,92
1212,137,2025-07-27,WhatsApp,36
1213,455,2025-09-06,Reunião,77
1214,267,2025-09-04,WhatsApp,23
1215,95,2025-12-23,Telefone,95
1216,121,2025-07-12,Reunião,91
1217,384,2025-12-08,Telefone,23
1218,204,2025-12-02,Email,10
1219,480,2025-08-29,Email,5
1220,395,2025-09-18,Email,15
1221,135,2025-07-23,Telefone,12
1222,336,2025-09-20,Reunião,31
1223,127,2025-10-17,WhatsApp,82
1224,65,2025-11-25,Telefone,5
1225,18,2025-07-12,Reunião,43
1226,443,2025-08-29,WhatsApp,71
1227,479,2025-10-20,WhatsApp,19
1228,497,2025-07-03,Telefone,77
1229,306,2025-09-03,WhatsApp,69
1230,328,2025-07-18,Reunião,46
1231,247,2025-08-12,Telefone,13
1232,227,2025-10-11,Reunião,54
1233,134,2025-11-19,Reunião,3
1234,1,2025-08-17,Telefone,46
1235,147,2025-08-30,Email,90
1236,473,2025-08-25,WhatsApp,40
1237,5,2025-09-09,Reunião,78
1238,119,2025-12-27,Reunião,26
1239,211,2025-08-07,WhatsApp,52
1240,128,2025-11-17,WhatsApp,50
1241,113,2025-10-22,Email,56
1242,321,2025-10-28,Reunião,38
1243,333,2025-08-14,Reunião,54
1244,97,2025-12-11,Telefone,19
1245,149,2025-11-30,WhatsApp,81
1246,232,2025-10-20,WhatsApp,26
1247,165,2025-12-24,Telefone,8
1248,497,2025-08-14,Email,25
1249,498,2025-12-02,Reunião,36
1250,65,2025-09-07,Email,31
1251,47,2025-11-20,Email,65
1252,112,2025-10-02,WhatsApp,41
1253,403,2025-08-23,Reunião,61
1254,357,2025-12-20,Reunião,12
1255,432,2025-11-21,Email,36
1256,398,2025-09-19,Email,71
1257,241,2025-11-12,Telefone,34
1258,419,2025-09-22,Email,17
1259,499,2025-10-26,WhatsApp,58
1260,127,2025-12-20,Telefone,60
1261,377,2025-12-04,Telefone,62
1262,200,2025-07-07,Reunião,43
1263,82,2025-07-20,Email,72
1264,267,2025-11-27,Reunião,63
1265,327,2025-10-13,Telefone,48
1266,455,2025-12-15,Telefone,16
1267,121,2025-07-19,WhatsApp,43
1268,8,2025-11-16,Reunião,76
1269,62,2025-09-18,Telefone,3
1270,497,2025-12-18,WhatsApp,90
1271,306,2025-11-19,Reunião,13
1272,128,2025-11-18,WhatsApp,13
1273,352,2025-07-23,Reunião,82
1274,31,2025-12-13,Reunião,84
1275,79,2025-07-02,Email,18
1276,250,2025-10-30,Reunião,73
1277,404,2025-07-16,Reunião,58
1278,376,2025-11-09,Email,90
1279,194,2025-09-28,Telefone,34
1280,461,2025-12-18,WhatsApp,92
1281,225,2025-08-07,Reunião,71
1282,357,2025-08-25,Telefone,74
1283,96,2025-08-11,Reunião,43
1284,375,2025-08-31,Reunião,78
1285,469,2025-08-09,Telefone,10
1286,272,2025-11-19,WhatsApp,39
1287,420,2025-10-22,Reunião,60
1288,1,2025-07-18,WhatsApp,95
1289,95,2025-12-24,Reunião,81
1290,123,2025-10-07,Email,86
1291,496,2025-08-13,WhatsApp,26
1292,269,2025-07-07,WhatsApp,72
1293,79,2025-07-25,Reunião,43
1294,210,2025-07-17,Reunião,16
1295,50,2025-08-17,Email,7
1296,428,2025-11-25,Telefone,6
1297,104,2025-12-01,WhatsApp,26
1298,51,2025-12-20,WhatsApp,86
1299,251,2025-08-16,Reunião,8
1300,188,2025-11-02,Email,3
1301,477,2025-11-05,WhatsApp,12
1302,240,2025-07-18,Email,48
1303,286,2025-09-13,Reunião,92
1304,30,2025-07-24,Reunião,69
1305,21,2025-12-10,Reunião,11
1306,484,2025-11-03,Email,14
1307,372,2025-10-30,WhatsApp,26
1308,99,2025-08-16,Telefone,74
1309,321,2025-11-13,WhatsApp,15
1310,393,2025-07-18,Reunião,88
1311,235,2025-07-02,WhatsApp,15
1312,86,2025-11-12,WhatsApp,66
1313,173,2025-07-13,Telefone,70
1314,308,2025-09-06,Reunião,42
1315,282,2025-10-06,Reunião,54
1316,392,2025-07-19,WhatsApp,94
1317,166,2025-07-26,Telefone,74
1318,280,2025-11-04,WhatsApp,72
1319,475,2025-10-24,Reunião,59
1320,230,2025-09-18,Email,94
1321,18,2025-10-17,Email,68
1322,70,2025-10-12,Email,40
1323,114,2025-11-04,Reunião,4
1324,396,2025-07-05,Reunião,72
1325,262,2025-08-08,Telefone,14
1326,20,2025-09-02,Reunião,21
1327,71,2025-10-22,Reunião,76
1328,128,2025-10-30,Reunião,40
1329,48,2025-08-04,WhatsApp,74
1330,470,2025-11-03,Email,94
1331,167,2025-08-27,Telefone,64
1332,423,2025-07-05,Email,78
1333,329,2025-10-13,Email,95
1334,414,2025-08-03,WhatsApp,12
1335,400,2025-12-14,Reunião,46
1336,451,2025-09-08,WhatsApp,17
1337,446,2025-10-31,Email,83
1338,399,2025-07-20,WhatsApp,8
1339,157,2025-08-16,Email,42
1340,277,2025-08-06,Telefone,43
1341,258,2025-07-03,Telefone,21
1342,26,2025-07-09,WhatsApp,59
1343,386,2025-07-29,Email,30
1344,222,2025-10-15,WhatsApp,20
1345,68,2025-10-03,Email,62
1346,293,2025-12-16,WhatsApp,35
1347,44,2025-09-17,WhatsApp,91
1348,67,2025-11-24,WhatsApp,73
1349,102,2025-08-26,WhatsApp,85
1350,293,2025-11-08,Telefone,33
1351,37,2025-10-21,WhatsApp,43
1352,351,2025-08-03,Email,16
1353,344,2025-09-14,WhatsApp,48
1354,179,2025-11-10,Reunião,46
1355,305,2025-07-14,Email,41
1356,87,2025-09-30,WhatsApp,81
1357,75,2025-09-07,Email,31
1358,103,2025-07-06,Reunião,21
1359,388,2025-12-07,Email,96
1360,28,2025-10-27,Telefone,38
1361,8,2025-10-02,Email,41
1362,231,2025-08-30,Email,44
1363,108,2025-08-13,Telefone,28
1364,280,2025-08-17,Reunião,72
1365,248,2025-07-22,Telefone,90
1366,358,2025-07-10,Email,50
1367,299,2025-07-12,Email,34
1368,88,2025-12-13,Reunião,27
1369,405,2025-07-03,Reunião,8
1370,239,2025-07-14,Email,10
1371,199,2025-07-12,Reunião,86
1372,437,2025-07-13,Reunião,15
1373,10,2025-10-15,WhatsApp,31
1374,195,2025-08-20,Email,42
1375,249,2025-07-29,Email,25
1376,102,2025-08-22,WhatsApp,73
1377,475,2025-12-23,Email,33
1378,473,2025-08-15,Reunião,44
1379,251,2025-09-19,Telefone,4
1380,178,2025-07-06,Reunião,47
1381,321,2025-10-12,Telefone,66
1382,142,2025-12-13,Reunião,51
1383,456,2025-12-21,Reunião,30
1384,78,2025-10-02,WhatsApp,86
1385,71,2025-12-06,WhatsApp,68
1386,492,2025-07-08,Telefone,55
1387,124,2025-08-04,Telefone,56
1388,497,2025-10-10,Reunião,59
1389,278,2025-11-25,Telefone,85
1390,71,2025-08-02,Telefone,19
1391,159,2025-07-05,Telefone,57
1392,466,2025-11-21,Telefone,42
1393,35,2025-08-08,Email,25
1394,163,2025-11-21,Email,42
1395,451,2025-09-14,WhatsApp,40
1396,227,2025-07-18,Reunião,21
1397,399,2025-11-10,Email,18
1398,95,2025-12-22,Reunião,79
1399,291,2025-07-25,Telefone,78
1400,119,2025-10-30,Email,47
1401,41,2025-07-05,WhatsApp,19
1402,258,2025-07-27,WhatsApp,93
1403,333,2025-09-24,Telefone,51
1404,252,2025-08-29,Telefone,22
1405,99,2025-11-01,Email,54
1406,392,2025-12-25,Reunião,54
1407,114,2025-07-10,Telefone,28
1408,34,2025-11-13,WhatsApp,80
1409,251,2025-07-05,Reunião,60
1410,455,2025-10-26,WhatsApp,53
1411,398,2025-12-18,WhatsApp,94
1412,161,2025-09-19,Email,68
1413,56,2025-09-04,WhatsApp,7
1414,450,2025-10-27,WhatsApp,96
1415,21,2025-08-08,WhatsApp,68
1416,392,2025-07-20,Email,26
1417,150,2025-09-07,WhatsApp,40
1418,397,2025-10-16,WhatsApp,23
1419,217,2025-10-14,Email,90
1420,265,2025-11-22,WhatsApp,84
1421,232,2025-12-05,Email,25
1422,399,2025-08-01,Telefone,52
1423,212,2025-10-07,WhatsApp,5
1424,92,2025-09-03,Telefone,60
1425,47,2025-10-25,Reunião,90
1426,333,2025-11-17,Email,13
1427,59,2025-09-04,Reunião,12
1428,269,2025-09-21,Telefone,50
1429,282,2025-09-22,Email,23
1430,468,2025-10-04,Telefone,22
1431,445,2025-11-21,Telefone,93
1432,27,2025-09-12,Reunião,41
1433,374,2025-09-05,Reunião,82
1434,93,2025-11-28,Telefone,27
1435,2,2025-07-22,Reunião,3
1436,235,2025-08-23,WhatsApp,71
1437,414,2025-12-27,WhatsApp,32
1438,112,2025-07-31,WhatsApp,60
1439,210,2025-09-06,Email,78
1440,308,2025-12-27,Telefone,72
1441,143,2025-07-23,Telefone,8
1442,95,2025-11-21,Email,85
1443,179,2025-12-19,Telefone,6
1444,342,2025-08-03,Reunião,44
1445,472,2025-12-06,Email,15
1446,214,2025-11-13,Telefone,88
1447,146,2025-07-25,Telefone,60
1448,384,2025-08-02,Reunião,6
1449,48,2025-10-13,Reunião,49
1450,460,2025-09-22,Email,56
1451,432,2025-08-10,Email,39
1452,242,2025-11-24,Email,90
1453,441,2025-10-19,Reunião,69
1454,212,2025-08-16,Telefone,91
1455,108,2025-07-25,Email,15
1456,293,2025-07-20,Email,63
1457,371,2025-07-05,Reunião,56
1458,312,2025-10-08,Reunião,69
1459,295,2025-07-22,Reunião,18
1460,315,2025-08-06,WhatsApp,68
1461,374,2025-07-20,WhatsApp,65
1462,414,2025-11-12,Telefone,92
1463,149,2025-11-09,Email,17
1464,13,2025-08-31,Email,96
1465,435,2025-11-05,WhatsApp,54
1466,24,2025-10-04,Reunião,73
1467,413,2025-07-18,Telefone,3
1468,328,2025-11-07,Reunião,34
1469,405,2025-12-11,Reunião,40
1470,260,2025-08-10,Reunião,2
1471,59,2025-07-06,Reunião,45
1472,203,2025-08-05,Email,24
1473,100,2025-10-05,Reunião,88
1474,246,2025-08-29,Email,84
1475,70,2025-08-27,Telefone,82
1476,236,2025-08-13,Reunião,61
1477,402,2025-09-14,Email,68
1478,154,2025-08-06,Reunião,73
1479,275,2025-12-24,Telefone,75
1480,351,2025-10-05,Reunião,10
1481,497,2025-11-20,Reunião,5
1482,174,2025-09-23,Telefone,75
1483,311,2025-09-20,Telefone,78
1484,60,2025-10-11,Reunião,92
1485,17,2025-10-20,WhatsApp,13
1486,255,2025-10-29,Reunião,59
1487,425,2025-10-12,Telefone,69
1488,155,2025-11-14,Email,49
1489,402,2025-12-19,Telefone,13
1490,228,2025-08-21,Email,63
1491,464,2025-08-22,Telefone,26
1492,175,2025-08-27,Reunião,43
1493,74,2025-12-03,Telefone,28
1494,371,2025-12-19,WhatsApp,51
1495,366,2025-08-17,Email,2
1496,160,2025-12-17,Email,44
1497,240,2025-12-17,Email,68
1498,393,2025-07-13,Reunião,4
1499,296,2025-10-10,Telefone,43
1500,103,2025-11-09,Reunião,37
1501,273,2025-10-08,WhatsApp,87
1502,61,2025-10-20,Telefone,22
1503,141,2025-11-29,Email,81
1504,287,2025-08-19,Email,28
1505,278,2025-09-30,Reunião,36
1506,73,2025-10-17,Telefone,23
1507,37,2025-10-10,Reunião,71
1508,228,2025-12-16,Telefone,5
1509,242,2025-07-09,Email,15
1510,197,2025-12-15,Email,56
1511,201,2025-11-13,WhatsApp,80
1512,183,2025-10-10,Reunião,27
1513,366,2025-07-10,Email,61
1514,291,2025-11-25,Email,91
1515,240,2025-12-04,WhatsApp,41
1516,351,2025-07-17,WhatsApp,62
1517,119,2025-11-01,Telefone,80
1518,133,2025-09-26,WhatsApp,25
1519,359,2025-07-11,Reunião,43
1520,233,2025-08-26,Email,10
1521,244,2025-11-30,Reunião,63
1522,237,2025-11-15,Reunião,46
1523,310,2025-08-03,Telefone,67
1524,53,2025-09-16,Email,43
1525,285,2025-07-15,Email,40
1526,273,2025-09-01,WhatsApp,77
1527,212,2025-10-28,Telefone,72
1528,82,2025-08-27,WhatsApp,10
1529,175,2025-11-05,WhatsApp,57
1530,291,2025-10-02,Telefone,24
1531,340,2025-07-10,Email,96
1532,477,2025-08-04,WhatsApp,16
1533,304,2025-07-29,WhatsApp,43
1534,285,2025-12-04,WhatsApp,24
1535,158,2025-09-16,Email,78
1536,56,2025-07-06,WhatsApp,43
1537,254,2025-07-16,Email,13
1538,112,2025-11-23,Email,20
1539,339,2025-11-20,WhatsApp,70
1540,150,2025-09-20,WhatsApp,27
1541,106,2025-07-07,Reunião,40
1542,292,2025-07-08,Reunião,57
1543,368,2025-10-01,Email,76
1544,5,2025-07-25,WhatsApp,18
1545,437,2025-10-14,Email,49
1546,462,2025-08-10,Email,2
1547,361,2025-08-07,Reunião,16
1548,441,2025-10-17,Email,32
1549,222,2025-07-02,WhatsApp,82
1550,163,2025-09-22,WhatsApp,50
1551,223,2025-08-11,Telefone,86
1552,89,2025-08-29,Telefone,26
1553,285,2025-09-21,Reunião,55
1554,79,2025-10-16,Telefone,19
1555,6,2025-12-10,Email,20
1556,370,2025-08-26,WhatsApp,19
1557,44,2025-11-23,WhatsApp,60
1558,458,2025-07-03,WhatsApp,81
1559,93,2025-09-03,WhatsApp,72
1560,420,2025-09-04,WhatsApp,47
1561,116,2025-11-11,WhatsApp,79
1562,4,2025-08-03,WhatsApp,95
1563,122,2025-08-22,Reunião,54
1564,475,2025-08-11,Reunião,6
1565,20,2025-08-05,WhatsApp,92
1566,189,2025-11-30,WhatsApp,90
1567,41,2025-11-22,Reunião,61
1568,265,2025-12-08,Email,33
1569,242,2025-07-20,Email,89
1570,325,2025-08-12,Reunião,80
1571,28,2025-10-02,Email,62
1572,233,2025-08-19,WhatsApp,75
1573,376,2025-10-05,WhatsApp,47
1574,492,2025-10-14,Reunião,23
1575,19,2025-07-04,Reunião,95
1576,402,2025-08-06,Reunião,9
1577,323,2025-08-29,Telefone,75
1578,27,2025-07-13,Reunião,96
1579,320,2025-12-22,Reunião,64
1580,43,2025-11-26,Email,37
1581,130,2025-11-25,Reunião,37
1582,440,2025-10-24,Email,96
1583,58,2025-07-27,Telefone,77
1584,379,2025-11-20,WhatsApp,49
1585,414,2025-11-14,Reunião,91
1586,121,2025-08-26,Telefone,69
1587,442,2025-12-20,Reunião,12
1588,496,2025-11-21,Telefone,65
1589,386,2025-09-14,WhatsApp,32
1590,339,2025-09-07,Telefone,28
1591,296,2025-10-01,Email,84
1592,136,2025-11-29,Email,23
1593,238,2025-09-17,WhatsApp,40
1594,244,2025-08-14,Telefone,50
1595,350,2025-09-20,WhatsApp,35
1596,75,2025-08-15,WhatsApp,3
1597,148,2025-09-05,WhatsApp,88
1598,162,2025-08-15,Email,14
1599,470,2025-08-14,Reunião,57
1600,313,2025-07-15,Reunião,44
1601,139,2025-10-21,Email,34
1602,336,2025-08-01,WhatsApp,61
1603,396,2025-07-09,Telefone,95
1604,345,2025-07-31,Telefone,68
1605,173,2025-07-08,Telefone,42
1606,281,2025-12-26,Email,10
1607,7,2025-09-14,Email,69
1608,54,2025-07-06,WhatsApp,46
1609,113,2025-10-17,Reunião,26
1610,18,2025-12-22,Email,9
1611,481,2025-07-29,Telefone,78
1612,327,2025-11-27,Email,13
1613,439,2025-07-27,Telefone,50
1614,337,2025-07-16,Telefone,16
1615,357,2025-11-11,Reunião,39
1616,240,2025-07-12,Email,83
1617,233,2025-10-19,WhatsApp,90
1618,463,2025-07-11,Reunião,34
1619,83,2025-12-10,Reunião,9
1620,196,2025-09-20,Reunião,9
1621,133,2025-10-22,Telefone,58
1622,36,2025-08-25,Telefone,80
1623,202,2025-11-13,WhatsApp,15
1624,74,2025-08-12,WhatsApp,29
1625,315,2025-07-17,Email,58
1626,367,2025-10-23,Email,6
1627,38,2025-12-10,Reunião,59
1628,10,2025-08-23,Telefone,85
1629,328,2025-12-28,Email,87
1630,200,2025-10-21,Telefone,91
1631,169,2025-09-19,Email,67
1632,363,2025-08-25,WhatsApp,57
1633,207,2025-12-11,Telefone,2
1634,197,2025-07-05,WhatsApp,17
1635,291,2025-08-13,Reunião,44
1636,350,2025-10-12,WhatsApp,9
1637,324,2025-07-16,Email,48
1638,274,2025-10-02,Email,60
1639,390,2025-10-15,Telefone,24
1640,284,2025-12-18,WhatsApp,86
1641,98,2025-10-13,WhatsApp,15
1642,323,2025-07-05,Reunião,64
1643,44,2025-07-20,WhatsApp,96
1644,98,2025-11-23,Email,26
1645,13,2025-07-30,Telefone,64
1646,200,2025-12-12,Reunião,65
1647,274,2025-09-04,Email,6
1648,174,2025-12-14,Reunião,94
1649,22,2025-09-16,Email,29
1650,414,2025-07-14,WhatsApp,88
1651,446,2025-08-13,Telefone,96
1652,297,2025-10-30,Email,6
1653,377,2025-11-22,WhatsApp,85
1654,10,2025-08-30,Email,33
1655,360,2025-07-15,Telefone,3
1656,89,2025-07-20,Email,41
1657,421,2025-12-04,WhatsApp,80
1658,88,2025-07-30,Email,15
1659,59,2025-08-23,Telefone,10
1660,412,2025-11-07,WhatsApp,45
1661,416,2025-07-08,WhatsApp,43
1662,62,2025-07-06,Telefone,43
1663,429,2025-11-04,Email,77
1664,89,2025-10-04,Email,17
1665,141,2025-11-22,WhatsApp,23
1666,357,2025-09-25,Telefone,58
1667,125,2025-08-02,Email,19
1668,52,2025-07-20,WhatsApp,22
1669,9,2025-08-26,Email,2
1670,4,2025-11-13,Email,92
1671,334,2025-07-30,Reunião,55
1672,356,2025-08-29,Telefone,28
1673,74,2025-07-18,Reunião,68
1674,231,2025-09-14,Telefone,24
1675,313,2025-07-04,Email,78
1676,93,2025-08-23,Email,82
1677,424,2025-10-12,Reunião,55
1678,3,2025-08-08,Telefone,26
1679,61,2025-08-15,Email,81
1680,186,2025-08-12,Telefone,61
1681,395,2025-07-21,Telefone,37
1682,28,2025-11-09,Email,21
1683,351,2025-08-29,WhatsApp,24
1684,82,2025-07-10,Email,8
1685,331,2025-09-26,Reunião,28
1686,223,2025-10-25,Reunião,80
1687,413,2025-09-03,Email,15
1688,380,2025-12-15,Telefone,22
1689,403,2025-12-21,WhatsApp,67
1690,60,2025-12-10,Telefone,94
1691,228,2025-07-30,Reunião,55
1692,102,2025-07-08,Reunião,31
1693,399,2025-11-30,Reunião,31
1694,51,2025-10-29,WhatsApp,27
1695,193,2025-11-02,Email,62
1696,300,2025-08-26,Email,57
1697,75,2025-11-03,WhatsApp,24
1698,199,2025-09-24,Telefone,60
1699,369,2025-11-09,Reunião,36
1700,104,2025-10-04,Telefone,6
1701,355,2025-08-05,Email,37
1702,70,2025-11-30,WhatsApp,60
1703,215,2025-11-15,Reunião,30
1704,454,2025-10-14,Telefone,83
1705,488,2025-07-25,Telefone,75
1706,497,2025-08-09,Telefone,13
1707,211,2025-08-17,WhatsApp,29
1708,303,2025-08-29,WhatsApp,37
1709,8,2025-09-10,Telefone,33
1710,168,2025-09-08,Telefone,77
1711,485,2025-11-20,Email,55
1712,23,2025-12-18,WhatsApp,95
1713,394,2025-08-21,Email,56
1714,272,2025-09-19,WhatsApp,91
1715,421,2025-12-03,WhatsApp,65
1716,124,2025-12-07,Email,90
1717,375,2025-09-15,Telefone,18
1718,184,2025-10-14,Telefone,84
1719,47,2025-12-24,WhatsApp,87
1720,157,2025-11-17,WhatsApp,75
1721,383,2025-08-01,Email,60
1722,238,2025-11-23,WhatsApp,25
1723,405,2025-09-25,WhatsApp,92
1724,325,2025-12-28,Email,51
1725,458,2025-07-05,Reunião,69
1726,17,2025-10-14,WhatsApp,36
1727,358,2025-07-25,Telefone,89
1728,42,2025-07-23,Reunião,96
1729,478,2025-12-14,Reunião,8
1730,57,2025-09-21,Reunião,61
1731,317,2025-12-18,Reunião,48
1732,90,2025-07-16,Email,73
1733,364,2025-11-06,Telefone,44
1734,123,2025-08-12,Email,85
1735,245,2025-08-02,Telefone,30
1736,165,2025-09-29,Reunião,66
1737,349,2025-09-11,Reunião,8
1738,33,2025-09-24,Reunião,59
1739,249,2025-08-22,Email,62
1740,364,2025-08-14,Reunião,59
1741,318,2025-09-25,Email,26
1742,457,2025-09-02,Email,12
1743,201,2025-11-13,Reunião,11
1744,56,2025-11-16,Reunião,16
1745,357,2025-11-21,WhatsApp,21
1746,448,2025-11-06,Email,39
1747,214,2025-07-07,Telefone,62
1748,178,2025-09-12,WhatsApp,96
1749,331,2025-12-23,Reunião,26
1750,33,2025-12-23,Telefone,68
1751,331,2025-10-04,WhatsApp,76
1752,176,2025-07-14,Reunião,64
1753,304,2025-07-11,WhatsApp,60
1754,156,2025-08-05,Telefone,41
1755,88,2025-10-23,Telefone,63
1756,191,2025-10-16,Email,20
1757,181,2025-10-17,WhatsApp,23
1758,317,2025-11-17,Reunião,25
1759,499,2025-11-14,Telefone,22
1760,122,2025-11-29,Email,42
1761,295,2025-11-26,WhatsApp,35
1762,190,2025-11-11,Telefone,73
1763,363,2025-12-20,Reunião,46
1764,76,2025-09-24,WhatsApp,71
1765,500,2025-11-17,Reunião,17
1766,472,2025-12-22,WhatsApp,65
1767,394,2025-11-21,WhatsApp,42
1768,80,2025-12-27,Reunião,84
1769,362,2025-10-14,WhatsApp,39
1770,497,2025-08-04,Telefone,74
1771,374,2025-09-06,Reunião,90
1772,58,2025-08-28,Email,19
1773,348,2025-08-09,Email,41
1774,13,2025-09-17,Telefone,59
1775,183,2025-12-05,Reunião,9
1776,312,2025-07-17,Telefone,76
1777,270,2025-11-02,Reunião,27
1778,12,2025-12-07,WhatsApp,88
1779,344,2025-12-06,WhatsApp,26
1780,252,2025-10-08,Email,87
1781,185,2025-09-18,Telefone,93
1782,438,2025-09-10,Reunião,51
1783,191,2025-12-25,Reunião,46
1784,180,2025-10-11,WhatsApp,73
1785,45,2025-11-03,WhatsApp,96
1786,213,2025-09-06,Reunião,22
1787,413,2025-09-11,WhatsApp,19
1788,428,2025-07-31,Email,20
1789,107,2025-10-12,WhatsApp,69
1790,172,2025-12-12,WhatsApp,13
1791,4,2025-09-15,Reunião,55
1792,90,2025-08-08,WhatsApp,92
1793,291,2025-11-23,Telefone,25
1794,427,2025-09-22,Reunião,72
1795,252,2025-12-18,Reunião,76
1796,156,2025-08-24,WhatsApp,30
1797,14,2025-12-28,Telefone,35
1798,154,2025-07-18,WhatsApp,17
1799,335,2025-07-11,Reunião,55
1800,92,2025-08-25,Telefone,5
1801,62,2025-10-19,WhatsApp,10
1802,307,2025-09-27,WhatsApp,74
1803,224,2025-10-23,WhatsApp,90
1804,419,2025-11-28,Reunião,67
1805,376,2025-08-03,Email,35
1806,84,2025-08-02,Email,20
1807,164,2025-09-01,Telefone,47
1808,84,2025-12-15,Reunião,48
1809,215,2025-07-19,Reunião,8
1810,149,2025-10-15,Email,67
1811,100,2025-07-21,Telefone,14
1812,307,2025-11-16,Reunião,42
1813,424,2025-07-06,Reunião,36
1814,351,2025-07-03,Reunião,14
1815,274,2025-08-02,Reunião,20
1816,7,2025-11-23,Reunião,49
1817,399,2025-08-26,WhatsApp,45
1818,472,2025-11-17,Email,29
1819,80,2025-08-22,Telefone,26
1820,408,2025-08-07,Email,55
1821,236,2025-12-09,Email,18
1822,473,2025-12-24,WhatsApp,46
1823,160,2025-07-05,Reunião,19
1824,419,2025-09-06,Reunião,24
1825,364,2025-10-12,Email,17
1826,114,2025-11-26,Telefone,90
1827,117,2025-10-11,Telefone,28
1828,67,2025-12-08,WhatsApp,90
1829,391,2025-11-30,Email,4
1830,397,2025-08-27,WhatsApp,7
1831,101,2025-12-01,Email,86
1832,263,2025-07-30,Email,62
1833,61,2025-10-25,Email,10
1834,155,2025-07-11,Email,14
1835,401,2025-11-27,Telefone,77
1836,462,2025-11-07,Telefone,87
1837,180,2025-12-21,Email,20
1838,434,2025-10-18,Reunião,47
1839,83,2025-08-22,Telefone,66
1840,292,2025-12-11,Email,76
1841,391,2025-12-25,Telefone,93
1842,99,2025-10-17,Telefone,70
1843,3,2025-12-03,Telefone,66
1844,436,2025-08-29,Reunião,91
1845,302,2025-11-11,WhatsApp,88
1846,491,2025-12-01,Telefone,47
1847,195,2025-09-11,Telefone,67
1848,117,2025-09-15,Email,42
1849,64,2025-08-31,Email,68
1850,70,2025-08-24,Reunião,92
1851,148,2025-08-08,Email,12
1852,168,2025-08-24,Email,51
1853,146,2025-09-03,Reunião,89
1854,500,2025-09-06,Telefone,72
1855,209,2025-10-15,WhatsApp,26
1856,439,2025-12-11,WhatsApp,88
1857,189,2025-11-13,Email,88
1858,252,2025-07-09,Email,52
1859,225,2025-08-17,Email,17
1860,74,2025-09-18,WhatsApp,90
1861,303,2025-12-02,Telefone,10
1862,187,2025-11-08,Reunião,27
1863,305,2025-09-16,Email,31
1864,430,2025-09-11,WhatsApp,37
1865,392,2025-08-02,Reunião,84
1866,483,2025-09-17,Reunião,62
1867,342,2025-07-27,WhatsApp,64
1868,262,2025-10-18,Telefone,60
1869,56,2025-11-27,Reunião,64
1870,255,2025-10-30,Telefone,5
1871,51,2025-12-15,Email,65
1872,348,2025-12-22,Telefone,50
1873,310,2025-07-08,Reunião,21
1874,156,2025-07-22,Email,11
1875,339,2025-08-17,WhatsApp,61
1876,104,2025-10-14,WhatsApp,64
1877,259,2025-10-23,Reunião,71
1878,280,2025-12-24,Email,57
1879,451,2025-11-28,WhatsApp,59
1880,162,2025-09-23,WhatsApp,60
1881,19,2025-12-20,Telefone,73
1882,338,2025-10-12,Telefone,64
1883,221,2025-11-24,Reunião,93
1884,200,2025-08-26,Email,74
1885,346,2025-08-25,WhatsApp,62
1886,288,2025-11-18,Email,52
1887,135,2025-08-24,WhatsApp,80
1888,347,2025-09-29,Reunião,43
1889,32,2025-12-21,Email,18
1890,429,2025-09-26,Reunião,96
1891,299,2025-12-22,Reunião,50
1892,50,2025-09-10,Reunião,47
1893,211,2025-09-30,Email,86
1894,126,2025-10-26,Telefone,84
1895,160,2025-07-30,Email,90
1896,34,2025-10-11,Email,45
1897,87,2025-12-23,Reunião,6
1898,236,2025-07-13,WhatsApp,74
1899,264,2025-09-12,Reunião,4
1900,357,2025-08-30,Email,42
1901,194,2025-08-04,WhatsApp,43
1902,294,2025-12-03,WhatsApp,14
1903,354,2025-07-09,Telefone,45
1904,255,2025-08-22,Reunião,23
1905,315,2025-10-13,Reunião,57
1906,104,2025-08-23,Email,70
1907,110,2025-10-16,Reunião,8
1908,153,2025-08-04,WhatsApp,30
1909,320,2025-12-05,Email,77
1910,173,2025-10-20,Email,74
1911,411,2025-08-15,WhatsApp,56
1912,108,2025-10-01,Email,85
1913,422,2025-10-12,Reunião,57
1914,340,2025-08-12,Reunião,27
1915,213,2025-09-17,Reunião,81
1916,264,2025-09-03,Telefone,4
1917,322,2025-08-18,Telefone,75
1918,256,2025-11-04,WhatsApp,36
1919,480,2025-07-18,WhatsApp,74
1920,373,2025-07-21,Email,68
1921,103,2025-09-26,WhatsApp,20
1922,124,2025-11-20,Reunião,57
1923,211,2025-10-08,Email,83
1924,105,2025-09-14,Reunião,38
1925,331,2025-11-17,Reunião,89
1926,308,2025-10-29,WhatsApp,32
1927,59,2025-11-20,Telefone,5
1928,126,2025-10-10,WhatsApp,64
1929,287,2025-09-08,WhatsApp,84
1930,464,2025-12-19,Telefone,22
1931,140,2025-11-24,Email,35
1932,405,2025-10-18,Telefone,84
1933,437,2025-12-18,WhatsApp,4
1934,29,2025-12-07,Reunião,79
1935,153,2025-12-12,WhatsApp,48
1936,344,2025-07-13,Email,52
1937,483,2025-11-23,Telefone,16
1938,293,2025-08-22,Email,68
1939,341,2025-08-02,Reunião,65
1940,453,2025-12-05,Telefone,78
1941,63,2025-10-09,Reunião,76
1942,378,2025-09-20,Telefone,56
1943,112,2025-11-22,Email,24
1944,110,2025-10-19,WhatsApp,54
1945,131,2025-07-31,Email,64
1946,274,2025-09-24,Email,42
1947,280,2025-09-11,WhatsApp,89
1948,127,2025-10-18,Telefone,48
1949,244,2025-09-25,Reunião,4
1950,331,2025-07-26,Email,96
1951,340,2025-12-15,Telefone,34
1952,283,2025-09-21,Reunião,83
1953,491,2025-07-02,Reunião,89
1954,63,2025-08-14,Telefone,58
1955,199,2025-12-26,WhatsApp,34
1956,155,2025-12-05,Telefone,40
1957,108,2025-11-17,WhatsApp,82
1958,163,2025-07-17,WhatsApp,6
1959,141,2025-12-08,WhatsApp,62
1960,378,2025-09-14,Reunião,93
1961,217,2025-12-03,Telefone,91
1962,134,2025-08-21,Email,47
1963,216,2025-07-27,Reunião,60
1964,356,2025-12-21,Email,84
1965,329,2025-11-11,WhatsApp,84
1966,70,2025-12-28,WhatsApp,27
1967,322,2025-10-11,Reunião,75
1968,43,2025-11-30,Telefone,33
1969,265,2025-07-15,Telefone,78
1970,352,2025-09-14,Reunião,59
1971,245,2025-11-24,Reunião,24
1972,352,2025-07-30,Reunião,38
1973,102,2025-12-07,WhatsApp,49
1974,94,2025-09-19,WhatsApp,75
1975,115,2025-12-23,Email,73
1976,332,2025-07-25,Telefone,13
1977,499,2025-09-01,Telefone,35
1978,360,2025-11-15,Email,53
1979,317,2025-09-10,Reunião,21
1980,46,2025-09-25,Telefone,74
1981,61,2025-12-25,WhatsApp,60
1982,424,2025-07-09,WhatsApp,17
1983,115,2025-11-06,Telefone,36
1984,148,2025-08-24,WhatsApp,18
1985,221,2025-11-06,Telefone,38
1986,373,2025-07-08,Telefone,55
1987,93,2025-09-15,Telefone,5
1988,149,2025-10-22,Telefone,81
1989,231,2025-10-26,Reunião,76
1990,351,2025-07-16,WhatsApp,12
1991,6,2025-08-30,Telefone,43
1992,499,2025-07-04,WhatsApp,89
1993,109,2025-09-21,WhatsApp,96
1994,306,2025-10-24,Email,14
1995,286,2025-12-13,Email,44
1996,477,2025-10-29,WhatsApp,47
1997,311,2025-07-10,Email,2
1998,130,2025-08-21,WhatsApp,40
1999,203,2025-07-10,Reunião,18
2000,496,2025-08-07,Email,76
2001,92,2025-10-23,Telefone,66
2002,253,2025-10-03,WhatsApp,18
2003,46,2025-10-08,WhatsApp,20
2004,134,2025-11-29,Reunião,7
2005,66,2025-08-23,Reunião,48
2006,475,2025-09-09,Reunião,35
2007,314,2025-10-22,Reunião,57
2008,458,2025-11-16,Reunião,96
2009,252,2025-11-20,WhatsApp,8
2010,97,2025-11-20,Email,31
2011,94,2025-12-19,WhatsApp,35
2012,84,2025-08-31,WhatsApp,16
2013,459,2025-08-24,Email,58
2014,183,2025-08-07,WhatsApp,60
2015,253,2025-11-30,Telefone,17
2016,179,2025-12-05,Telefone,38
2017,93,2025-11-15,Reunião,74
2018,457,2025-07-12,Telefone,76
2019,498,2025-12-27,Telefone,55
2020,472,2025-12-09,Telefone,65
2021,347,2025-12-04,Reunião,5
2022,146,2025-07-07,Email,52
2023,192,2025-07-30,Email,43
2024,79,2025-12-21,Email,60
2025,426,2025-07-13,WhatsApp,60
2026,322,2025-10-21,Email,44
2027,497,2025-12-17,WhatsApp,43
2028,486,2025-08-05,Telefone,29
2029,442,2025-12-16,Reunião,43
2030,409,2025-12-14,Email,72
2031,488,2025-07-27,WhatsApp,13
2032,205,2025-10-24,Telefone,32
2033,495,2025-09-17,Email,4
2034,437,2025-11-05,Telefone,51
2035,400,2025-09-16,Reunião,84
2036,386,2025-07-14,Telefone,17
2037,153,2025-08-25,WhatsApp,96
2038,413,2025-10-10,Telefone,47
2039,341,2025-12-04,Reunião,67
2040,103,2025-08-25,WhatsApp,51
2041,244,2025-10-21,WhatsApp,13
2042,388,2025-09-11,Reunião,80
2043,96,2025-09-08,WhatsApp,13
2044,21,2025-08-19,Reunião,61
2045,347,2025-11-01,Telefone,65
2046,270,2025-07-20,Email,39
2047,240,2025-09-08,Email,63
2048,154,2025-11-20,Telefone,89
2049,463,2025-10-13,Telefone,68
2050,219,2025-10-14,Email,72
2051,40,2025-12-17,Email,67
2052,218,2025-09-14,Email,61
2053,339,2025-08-05,Reunião,47
2054,131,2025-08-01,Email,66
2055,9,2025-11-29,WhatsApp,24
2056,403,2025-11-12,WhatsApp,7
2057,43,2025-09-13,Reunião,42
2058,301,2025-09-03,WhatsApp,81
2059,414,2025-10-22,Reunião,25
2060,109,2025-11-11,Email,79
2061,133,2025-07-09,Email,57
2062,274,2025-12-24,Email,52
2063,60,2025-12-25,Telefone,85
2064,245,2025-09-02,WhatsApp,86
2065,495,2025-07-27,WhatsApp,40
2066,317,2025-07-24,Reunião,90
2067,345,2025-07-05,WhatsApp,40
2068,45,2025-11-26,Telefone,3
2069,98,2025-11-30,Email,91
2070,497,2025-11-10,Email,28
2071,247,2025-07-15,Telefone,85
2072,124,2025-09-08,Telefone,13
2073,155,2025-09-01,Telefone,62
2074,217,2025-12-23,Email,23
2075,463,2025-11-19,WhatsApp,64
2076,242,2025-12-23,WhatsApp,76
2077,125,2025-11-07,Reunião,74
2078,425,2025-09-19,Email,44
2079,5,2025-12-02,WhatsApp,55
2080,435,2025-08-24,Reunião,6
2081,250,2025-09-17,WhatsApp,67
2082,303,2025-07-25,WhatsApp,31
2083,366,2025-12-13,Email,56
2084,296,2025-10-09,Email,36
2085,458,2025-07-16,WhatsApp,62
2086,60,2025-08-24,Reunião,59
2087,358,2025-09-08,Email,22
2088,148,2025-11-09,WhatsApp,46
2089,225,2025-10-30,Telefone,77
2090,466,2025-07-06,Reunião,79
2091,437,2025-07-13,WhatsApp,18
2092,453,2025-10-14,WhatsApp,55
2093,427,2025-07-09,Reunião,62
2094,410,2025-11-17,Telefone,38
2095,354,2025-12-06,WhatsApp,18
2096,89,2025-11-07,Telefone,79
2097,252,2025-12-03,WhatsApp,65
2098,156,2025-10-29,Telefone,73
2099,25,2025-12-24,Reunião,35
2100,183,2025-07-08,Telefone,24
2101,424,2025-08-22,Email,10
2102,173,2025-09-09,Email,81
2103,117,2025-11-28,Telefone,64
2104,133,2025-10-02,Reunião,7
2105,395,2025-08-08,Reunião,21
2106,437,2025-07-05,Email,92
2107,26,2025-09-07,WhatsApp,16
2108,500,2025-12-01,Email,73
2109,22,2025-08-21,Email,23
2110,323,2025-11-28,Telefone,48
2111,81,2025-10-15,WhatsApp,66
2112,256,2025-12-03,Telefone,84
2113,187,2025-10-04,Telefone,17
2114,435,2025-11-07,WhatsApp,55
2115,394,2025-12-27,Telefone,62
2116,175,2025-10-16,Telefone,12
2117,137,2025-09-24,WhatsApp,48
2118,323,2025-07-11,Telefone,21
2119,386,2025-08-15,WhatsApp,31
2120,71,2025-09-10,WhatsApp,54
2121,460,2025-09-02,Reunião,5
2122,227,2025-11-21,Email,93
2123,413,2025-08-18,Email,12
2124,174,2025-10-09,WhatsApp,23
2125,223,2025-12-13,WhatsApp,6
2126,339,2025-07-17,Telefone,75
2127,30,2025-07-20,Reunião,55
2128,206,2025-07-07,Reunião,94
2129,381,2025-10-09,Reunião,3
2130,424,2025-10-18,Telefone,91
2131,207,2025-09-05,Telefone,71
2132,320,2025-07-23,WhatsApp,91
2133,177,2025-07-15,WhatsApp,27
2134,452,2025-10-12,Email,6
2135,276,2025-10-04,WhatsApp,94
2136,369,2025-11-26,Reunião,29
2137,48,2025-08-20,Reunião,68
2138,175,2025-07-19,Telefone,4
2139,15,2025-08-12,Reunião,32
2140,427,2025-10-12,WhatsApp,66
2141,57,2025-12-13,Reunião,35
2142,322,2025-08-21,Reunião,17
2143,25,2025-07-15,Email,59
2144,153,2025-08-04,Email,60
2145,174,2025-10-29,Telefone,46
2146,154,2025-10-17,Telefone,93
2147,194,2025-08-17,Telefone,15
2148,168,2025-08-18,Telefone,48
2149,233,2025-12-03,Telefone,93
2150,218,2025-09-14,Email,13
2151,32,2025-09-11,Telefone,62
2152,110,2025-09-05,Email,49
2153,347,2025-08-16,WhatsApp,77
2154,287,2025-08-18,WhatsApp,35
2155,300,2025-08-23,WhatsApp,58
2156,353,2025-08-25,WhatsApp,22
2157,74,2025-08-21,Telefone,64
2158,365,2025-09-02,Telefone,92
2159,263,2025-08-15,Email,90
2160,109,2025-09-03,WhatsApp,6
2161,383,2025-11-18,Reunião,17
2162,309,2025-09-15,Email,17
2163,190,2025-08-04,Reunião,7
2164,268,2025-11-19,Email,49
2165,157,2025-09-24,Reunião,39
2166,249,2025-12-21,Telefone,20
2167,402,2025-07-31,WhatsApp,8
2168,480,2025-10-11,Reunião,29
2169,94,2025-08-25,Email,17
2170,281,2025-09-30,Email,7
2171,214,2025-08-27,Reunião,74
2172,232,2025-10-03,WhatsApp,62
2173,428,2025-07-26,Telefone,19
2174,259,2025-07-19,WhatsApp,59
2175,342,2025-09-05,Telefone,95
2176,167,2025-12-06,WhatsApp,51
2177,120,2025-09-18,Reunião,71
2178,24,2025-07-10,WhatsApp,96
2179,143,2025-07-16,Email,23
2180,363,2025-12-22,Reunião,73
2181,331,2025-11-27,Email,26
2182,490,2025-07-23,Email,74
2183,268,2025-11-10,WhatsApp,66
2184,460,2025-12-24,Email,86
2185,480,2025-08-14,Telefone,4
2186,141,2025-11-06,Telefone,92
2187,430,2025-08-02,WhatsApp,12
2188,414,2025-08-14,Reunião,53
2189,302,2025-12-17,WhatsApp,4
2190,175,2025-09-08,Telefone,55
2191,13,2025-08-15,Reunião,50
2192,132,2025-12-05,Email,14
2193,278,2025-11-15,Reunião,20
2194,94,2025-10-24,Email,21
2195,158,2025-09-15,Telefone,9
2196,315,2025-10-06,Telefone,5
2197,366,2025-12-14,Reunião,51
2198,51,2025-10-08,Telefone,54
2199,458,2025-10-07,Reunião,50
2200,483,2025-11-28,Email,27
2201,123,2025-07-29,Telefone,65
2202,261,2025-08-21,WhatsApp,16
2203,138,2025-12-13,Reunião,61
2204,284,2025-09-15,Email,63
2205,15,2025-09-15,Telefone,4
2206,138,2025-08-09,Email,33
2207,391,2025-08-08,Telefone,40
2208,291,2025-09-15,WhatsApp,12
2209,434,2025-07-19,Telefone,20
2210,192,2025-08-12,Telefone,33
2211,276,2025-09-11,WhatsApp,7
2212,1,2025-09-01,Reunião,85
2213,498,2025-11-16,Email,9
2214,478,2025-08-27,Reunião,78
2215,129,2025-07-07,WhatsApp,46
2216,432,2025-07-20,Telefone,76
2217,431,2025-08-20,Reunião,7
2218,83,2025-08-14,Email,40
2219,46,2025-09-18,Email,19
2220,372,2025-08-08,Reunião,57
2221,108,2025-07-25,Reunião,89
2222,485,2025-10-02,Reunião,92
2223,232,2025-10-20,Telefone,86
2224,165,2025-10-02,Telefone,60
2225,492,2025-07-28,Reunião,4
2226,468,2025-07-04,Telefone,84
2227,473,2025-12-28,WhatsApp,2
2228,462,2025-12-26,Telefone,54
2229,285,2025-07-03,WhatsApp,52
2230,276,2025-12-08,Email,70
2231,16,2025-07-10,WhatsApp,88
2232,64,2025-09-29,WhatsApp,78
2233,184,2025-09-20,Telefone,91
2234,5,2025-11-27,WhatsApp,49
2235,480,2025-11-09,WhatsApp,3
2236,114,2025-12-23,Reunião,89
2237,472,2025-09-28,Telefone,13
2238,418,2025-07-24,Reunião,93
2239,114,2025-10-30,WhatsApp,48
2240,19,2025-10-18,WhatsApp,92
2241,362,2025-07-26,Telefone,2
2242,101,2025-07-18,WhatsApp,16
2243,446,2025-10-18,WhatsApp,23
2244,283,2025-11-09,Telefone,10
2245,302,2025-11-26,Email,18
2246,133,2025-08-05,Telefone,68
2247,374,2025-10-19,Telefone,88
2248,12,2025-07-04,Reunião,89
2249,287,2025-09-03,Email,56
2250,329,2025-07-09,Email,43
2251,222,2025-09-15,Reunião,17
2252,349,2025-08-18,WhatsApp,65
2253,186,2025-08-18,Email,94
2254,115,2025-12-16,Reunião,55
2255,273,2025-09-05,Reunião,2
2256,201,2025-11-09,Reunião,12
2257,451,2025-08-04,Email,96
2258,116,2025-07-05,WhatsApp,11
2259,470,2025-10-26,Telefone,23
2260,169,2025-10-10,Email,82
2261,321,2025-12-04,Email,63
2262,222,2025-12-22,Reunião,34
2263,127,2025-12-01,WhatsApp,32
2264,491,2025-10-02,Email,44
2265,267,2025-10-29,Email,78
2266,318,2025-09-07,Email,82
2267,229,2025-08-02,Email,12
2268,499,2025-12-13,Email,50
2269,161,2025-07-04,Email,18
2270,32,2025-09-06,Email,40
2271,313,2025-07-21,WhatsApp,10
2272,53,2025-07-08,Email,73
2273,27,2025-10-14,WhatsApp,53
2274,50,2025-07-23,WhatsApp,31
2275,443,2025-07-28,Email,60
2276,197,2025-09-01,WhatsApp,81
2277,318,2025-12-03,Reunião,85
2278,481,2025-07-09,Email,60
2279,265,2025-10-05,Telefone,15
2280,53,2025-12-25,Email,77
2281,405,2025-11-09,Telefone,83
2282,261,2025-10-24,Reunião,55
2283,247,2025-07-23,WhatsApp,25
2284,125,2025-11-23,Email,9
2285,66,2025-10-10,WhatsApp,67
2286,492,2025-07-15,Reunião,41
2287,299,2025-08-12,Telefone,20
2288,241,2025-10-10,Reunião,39
2289,189,2025-12-26,Telefone,9
2290,122,2025-08-21,Email,56
2291,177,2025-11-08,Telefone,83
2292,466,2025-11-07,Email,45
2293,97,2025-07-11,WhatsApp,90
2294,355,2025-08-31,Reunião,76
2295,290,2025-10-04,Reunião,55
2296,169,2025-11-17,Email,60
2297,449,2025-12-18,WhatsApp,30
2298,472,2025-12-28,Telefone,90
2299,118,2025-08-31,Telefone,32
2300,247,2025-10-05,WhatsApp,28
2301,205,2025-11-11,Email,48
2302,6,2025-12-10,Reunião,5
2303,285,2025-11-29,Telefone,39
2304,226,2025-11-09,Reunião,7
2305,500,2025-12-21,Telefone,27
2306,146,2025-11-14,Telefone,35
2307,369,2025-11-14,Reunião,72
2308,126,2025-11-13,Telefone,4
2309,91,2025-10-22,Email,4
2310,426,2025-07-08,Telefone,50
2311,336,2025-11-30,Reunião,28
2312,157,2025-09-03,Telefone,49
2313,415,2025-09-24,Telefone,69
2314,410,2025-07-22,WhatsApp,93
2315,34,2025-11-28,Telefone,18
2316,407,2025-11-10,Telefone,70
2317,194,2025-07-04,Reunião,42
2318,307,2025-09-10,Telefone,7
2319,391,2025-07-24,Telefone,70
2320,151,2025-11-20,Reunião,33
2321,28,2025-07-20,Reunião,18
2322,436,2025-08-20,WhatsApp,28
2323,373,2025-12-08,WhatsApp,86
2324,315,2025-12-12,Telefone,67
2325,199,2025-07-16,Reunião,65
2326,266,2025-09-01,Telefone,43
2327,365,2025-09-24,WhatsApp,93
2328,490,2025-08-24,WhatsApp,36
2329,298,2025-09-17,Email,28
2330,113,2025-11-07,WhatsApp,32
2331,203,2025-11-03,Reunião,56
2332,456,2025-09-23,Telefone,49
2333,131,2025-08-10,Email,19
2334,385,2025-12-07,Reunião,58
2335,266,2025-09-29,Telefone,76
2336,22,2025-08-31,Reunião,56
2337,231,2025-08-31,WhatsApp,54
2338,189,2025-08-23,Reunião,36
2339,196,2025-12-22,Telefone,58
2340,120,2025-10-22,Email,47
2341,462,2025-12-07,Reunião,66
2342,263,2025-08-11,Email,37
2343,475,2025-10-31,Email,17
2344,37,2025-09-27,Email,71
2345,103,2025-10-04,Telefone,88
2346,169,2025-10-25,Reunião,89
2347,433,2025-10-19,Telefone,92
2348,310,2025-11-23,Reunião,3
2349,395,2025-10-13,Reunião,46
2350,401,2025-09-16,WhatsApp,76
2351,388,2025-07-14,Email,62
2352,335,2025-08-19,Telefone,52
2353,117,2025-10-31,Telefone,62
2354,120,2025-08-18,WhatsApp,94
2355,417,2025-09-01,Reunião,12
2356,161,2025-11-10,WhatsApp,91
2357,214,2025-11-05,WhatsApp,59
2358,437,2025-08-08,Email,49
2359,72,2025-08-03,Telefone,41
2360,483,2025-12-26,WhatsApp,86
2361,428,2025-09-29,Reunião,30
2362,215,2025-09-11,WhatsApp,90
2363,276,2025-10-13,Reunião,77
2364,12,2025-08-05,Email,19
2365,79,2025-10-05,WhatsApp,50
2366,105,2025-09-19,Email,70
2367,198,2025-11-10,WhatsApp,15
2368,169,2025-08-05,WhatsApp,83
2369,459,2025-10-12,Email,23
2370,54,2025-07-09,Telefone,6
2371,424,2025-07-05,WhatsApp,5
2372,96,2025-11-08,Email,51
2373,146,2025-11-06,Telefone,39
2374,338,2025-08-16,Email,60
2375,30,2025-09-25,Email,23
2376,168,2025-09-14,WhatsApp,22
2377,57,2025-11-25,WhatsApp,63
2378,381,2025-12-11,WhatsApp,28
2379,67,2025-11-06,Reunião,57
2380,419,2025-07-11,WhatsApp,22
2381,310,2025-08-03,Reunião,77
2382,104,2025-08-22,WhatsApp,37
2383,104,2025-12-27,Telefone,59
2384,33,2025-09-17,Telefone,69
2385,169,2025-08-05,WhatsApp,60
2386,237,2025-08-03,Email,96
2387,47,2025-10-16,WhatsApp,46
2388,359,2025-10-13,WhatsApp,80
2389,422,2025-11-14,WhatsApp,33
2390,92,2025-07-23,WhatsApp,60
2391,197,2025-07-13,Telefone,91
2392,292,2025-12-04,WhatsApp,91
2393,485,2025-12-17,Telefone,22
2394,141,2025-07-21,Reunião,87
2395,470,2025-12-11,Telefone,65
2396,211,2025-08-09,Email,49
2397,40,2025-12-02,Reunião,54
2398,231,2025-11-16,Reunião,28
2399,260,2025-12-17,WhatsApp,5
2400,38,2025-07-18,WhatsApp,50
2401,176,2025-09-17,Telefone,52
2402,20,2025-12-26,Reunião,16
2403,364,2025-11-24,Reunião,87
2404,384,2025-09-01,WhatsApp,61
2405,35,2025-12-07,Telefone,93
2406,487,2025-09-07,Telefone,62
2407,421,2025-10-18,Telefone,23
2408,430,2025-12-24,Email,24
2409,151,2025-11-27,WhatsApp,23
2410,40,2025-07-10,Email,88
2411,140,2025-11-19,WhatsApp,47
2412,92,2025-11-03,Email,88
2413,273,2025-11-03,WhatsApp,91
2414,25,2025-07-19,Email,51
2415,354,2025-10-11,WhatsApp,8
2416,307,2025-12-27,Email,50
2417,393,2025-11-07,Telefone,49
2418,466,2025-10-28,Telefone,13
2419,9,2025-09-12,Email,3
2420,173,2025-11-09,Email,30
2421,491,2025-12-04,Telefone,94
2422,86,2025-12-17,WhatsApp,67
2423,56,2025-10-06,Reunião,73
2424,321,2025-11-10,Telefone,71
2425,203,2025-09-10,Email,31
2426,110,2025-12-01,Reunião,43
2427,89,2025-12-25,WhatsApp,85
2428,162,2025-12-25,WhatsApp,29
2429,235,2025-11-02,Email,86
2430,418,2025-10-18,Reunião,7
2431,35,2025-11-03,WhatsApp,40
2432,393,2025-07-28,WhatsApp,15
2433,365,2025-08-13,Telefone,34
2434,492,2025-12-04,Reunião,82
2435,357,2025-09-20,Telefone,44
2436,90,2025-07-19,Reunião,87
2437,247,2025-12-11,Reunião,4
2438,312,2025-08-01,WhatsApp,50
2439,262,2025-07-18,Telefone,66
2440,301,2025-12-25,Telefone,4
2441,316,2025-11-27,Reunião,32
2442,378,2025-09-10,Telefone,81
2443,41,2025-12-13,Telefone,49
2444,256,2025-10-14,Telefone,21
2445,193,2025-11-06,Email,32
2446,473,2025-07-28,WhatsApp,96
2447,450,2025-10-05,Telefone,37
2448,163,2025-07-17,Email,68
2449,406,2025-09-13,Reunião,5
2450,118,2025-10-05,Reunião,33
2451,106,2025-08-12,Email,87
2452,128,2025-07-06,Telefone,79
2453,447,2025-09-22,Reunião,25
2454,227,2025-07-20,Email,10
2455,446,2025-08-25,Email,26
2456,27,2025-07-19,Telefone,28
2457,65,2025-12-05,Telefone,77
2458,282,2025-11-06,Telefone,66
2459,41,2025-09-10,WhatsApp,41
2460,85,2025-11-08,Telefone,56
2461,91,2025-07-26,Telefone,40
2462,147,2025-08-03,WhatsApp,83
2463,104,2025-10-20,WhatsApp,12
2464,487,2025-09-27,WhatsApp,50
2465,86,2025-08-30,WhatsApp,56
2466,259,2025-07-25,WhatsApp,21
2467,420,2025-08-27,Email,50
2468,219,2025-12-07,Reunião,78
2469,276,2025-11-19,Telefone,34
2470,195,2025-09-01,Reunião,60
2471,146,2025-09-23,WhatsApp,11
2472,171,2025-11-24,WhatsApp,27
2473,80,2025-11-10,Email,3
2474,442,2025-08-22,Reunião,64
2475,208,2025-09-13,WhatsApp,49
2476,197,2025-08-25,Reunião,84
2477,302,2025-12-10,WhatsApp,6
2478,472,2025-11-27,WhatsApp,74
2479,84,2025-11-09,WhatsApp,34
2480,395,2025-09-30,WhatsApp,83
2481,353,2025-09-25,Email,85
2482,198,2025-09-11,Telefone,33
2483,245,2025-12-20,Reunião,82
2484,362,2025-07-08,Email,91
2485,341,2025-07-16,Telefone,35
2486,310,2025-09-03,Telefone,34
2487,127,2025-07-27,Telefone,3
2488,60,2025-12-05,WhatsApp,52
2489,362,2025-07-31,Email,68
2490,466,2025-11-10,WhatsApp,23
2491,425,2025-09-10,Reunião,90
2492,155,2025-08-22,WhatsApp,77
2493,158,2025-09-14,Email,15
2494,326,2025-08-04,Reunião,20
2495,138,2025-11-05,WhatsApp,91
2496,158,2025-12-27,Telefone,64
2497,1,2025-12-04,Email,91
2498,214,2025-08-16,WhatsApp,85
2499,148,2025-09-09,Telefone,24
2500,192,2025-11-11,Telefone,27
2501,250,2025-11-12,Email,59
2502,291,2025-11-04,Telefone,27
2503,31,2025-11-12,Telefone,35
2504,462,2025-09-15,WhatsApp,82
2505,468,2025-07-22,Email,83
2506,86,2025-12-08,Reunião,12
2507,194,2025-11-27,Reunião,10
2508,176,2025-12-21,Telefone,63
2509,249,2025-07-09,Email,3
2510,32,2025-10-21,Email,87
2511,299,2025-12-18,Email,29
2512,268,2025-12-27,WhatsApp,79
2513,267,2025-10-21,WhatsApp,62
2514,388,2025-10-03,WhatsApp,45
2515,190,2025-07-07,Reunião,42
2516,419,2025-10-28,Reunião,87
2517,205,2025-09-23,Email,47
2518,448,2025-10-05,Email,2
2519,234,2025-07-03,WhatsApp,94
2520,428,2025-11-23,Email,79
2521,63,2025-08-15,Reunião,91
2522,385,2025-10-26,Reunião,59
2523,317,2025-07-06,WhatsApp,67
2524,212,2025-07-12,Telefone,2
2525,327,2025-10-07,Email,83
2526,185,2025-12-17,Reunião,88
2527,228,2025-10-30,WhatsApp,53
2528,379,2025-07-25,Email,46
2529,220,2025-08-29,Email,95
2530,198,2025-10-14,Telefone,93
2531,74,2025-08-17,Email,18
2532,255,2025-12-06,Reunião,88
2533,281,2025-08-31,Telefone,59
2534,489,2025-11-29,WhatsApp,86
2535,277,2025-10-28,Telefone,29
2536,88,2025-07-13,Email,15
2537,223,2025-12-21,Telefone,43
2538,463,2025-09-21,Reunião,30
2539,369,2025-10-24,WhatsApp,87
2540,64,2025-07-11,Telefone,70
2541,325,2025-08-25,Email,90
2542,171,2025-11-01,Email,84
2543,176,2025-09-23,WhatsApp,85
2544,329,2025-08-07,WhatsApp,31
2545,115,2025-10-23,Email,39
2546,45,2025-11-30,Email,45
2547,380,2025-07-30,Telefone,16
2548,294,2025-09-25,Telefone,42
2549,489,2025-09-22,Email,41
2550,32,2025-07-30,Telefone,51
2551,217,2025-10-08,Reunião,88
2552,479,2025-11-26,Telefone,15
2553,203,2025-12-26,WhatsApp,42
2554,75,2025-10-14,Telefone,65
2555,349,2025-09-03,Telefone,78
2556,146,2025-11-21,Email,78
2557,164,2025-10-10,Email,37
2558,435,2025-08-04,WhatsApp,82
2559,425,2025-11-03,WhatsApp,39
2560,361,2025-09-23,Email,44
2561,79,2025-11-05,Telefone,91
2562,377,2025-12-15,Telefone,64
2563,373,2025-09-19,Reunião,86
2564,468,2025-11-18,Email,72
2565,201,2025-10-03,WhatsApp,88
2566,243,2025-09-30,WhatsApp,52
2567,37,2025-08-15,Reunião,38
2568,357,2025-11-09,WhatsApp,14
2569,68,2025-10-07,Email,92
2570,156,2025-09-02,Telefone,75
2571,71,2025-09-06,WhatsApp,39
2572,460,2025-11-21,Telefone,29
2573,412,2025-11-08,Email,48
2574,372,2025-08-03,Email,88
2575,403,2025-11-21,WhatsApp,56
2576,348,2025-11-15,Email,14
2577,183,2025-08-29,Telefone,8
2578,61,2025-08-19,Reunião,77
2579,223,2025-11-20,WhatsApp,33
2580,18,2025-11-28,Telefone,52
2581,251,2025-10-12,Telefone,85
2582,382,2025-09-23,Email,61
2583,443,2025-07-15,WhatsApp,37
2584,324,2025-07-14,WhatsApp,49
2585,6,2025-11-28,Email,12
2586,63,2025-08-25,Telefone,4
2587,301,2025-08-04,WhatsApp,37
2588,356,2025-12-04,Telefone,51
2589,248,2025-07-16,WhatsApp,40
2590,293,2025-11-26,Email,43
2591,33,2025-08-13,Telefone,53
2592,417,2025-07-02,Email,52
2593,285,2025-08-13,WhatsApp,10
2594,266,2025-08-01,Email,28
2595,495,2025-07-13,Email,25
2596,442,2025-07-28,Telefone,2
2597,285,2025-09-05,Reunião,17
2598,21,2025-11-26,Telefone,85
2599,83,2025-12-06,Reunião,6
2600,44,2025-11-27,Reunião,48
2601,495,2025-08-11,Telefone,56
2602,484,2025-07-13,Email,33
2603,154,2025-12-17,Reunião,86
2604,274,2025-09-06,Telefone,75
2605,252,2025-07-04,Reunião,68
2606,467,2025-09-29,Telefone,90
2607,51,2025-07-12,Email,32
2608,19,2025-11-10,Telefone,40
2609,439,2025-11-03,Telefone,79
2610,283,2025-11-03,Reunião,37
2611,66,2025-07-22,WhatsApp,11
2612,282,2025-10-24,Reunião,50
2613,333,2025-11-17,WhatsApp,60
2614,43,2025-10-24,WhatsApp,90
2615,74,2025-08-13,Telefone,11
2616,323,2025-10-21,Telefone,93
2617,191,2025-08-06,Telefone,55
2618,421,2025-11-19,Reunião,57
2619,195,2025-12-22,Telefone,11
2620,139,2025-11-27,Email,89
2621,281,2025-09-15,Email,44
2622,328,2025-12-06,Reunião,44
2623,399,2025-10-20,Telefone,30
2624,141,2025-12-26,Email,50
2625,497,2025-11-02,WhatsApp,15
2626,401,2025-11-27,Telefone,69
2627,373,2025-10-11,WhatsApp,14
2628,271,2025-09-30,Reunião,72
2629,139,2025-07-26,Email,8
2630,88,2025-10-08,WhatsApp,25
2631,177,2025-07-08,WhatsApp,63
2632,304,2025-11-26,Reunião,3
2633,352,2025-08-19,Telefone,86
2634,65,2025-11-22,WhatsApp,74
2635,377,2025-10-21,Email,94
2636,328,2025-09-25,Telefone,88
2637,312,2025-09-12,WhatsApp,25
2638,225,2025-09-29,WhatsApp,66
2639,147,2025-10-19,WhatsApp,68
2640,483,2025-10-31,Reunião,83
2641,440,2025-12-06,Reunião,54
2642,395,2025-10-09,Email,83
2643,41,2025-12-09,Telefone,13
2644,85,2025-08-03,Email,12
2645,381,2025-10-16,WhatsApp,3
2646,493,2025-09-11,Telefone,63
2647,255,2025-08-19,Email,53
2648,8,2025-07-24,Telefone,2
2649,366,2025-09-11,Reunião,33
2650,379,2025-07-12,Email,79
2651,230,2025-11-15,Telefone,24
2652,39,2025-09-26,Telefone,67
2653,181,2025-12-15,WhatsApp,65
2654,195,2025-11-15,Reunião,16
2655,174,2025-07-08,Telefone,71
2656,436,2025-11-28,Reunião,40
2657,248,2025-10-14,Reunião,29
2658,2,2025-07-20,WhatsApp,29
2659,473,2025-10-11,Email,61
2660,457,2025-07-23,WhatsApp,9
2661,183,2025-12-27,WhatsApp,44
2662,153,2025-09-29,Email,2
2663,180,2025-11-11,WhatsApp,47
2664,5,2025-12-03,WhatsApp,64
2665,102,2025-12-07,Telefone,54
2666,64,2025-08-26,Email,21
2667,394,2025-07-13,Reunião,30
2668,241,2025-09-18,Reunião,40
2669,187,2025-09-10,Telefone,70
2670,416,2025-10-21,Email,58
2671,337,2025-09-07,Telefone,19
2672,182,2025-09-08,Email,47
2673,453,2025-11-08,Email,26
2674,146,2025-12-18,Telefone,52
2675,216,2025-10-05,Email,22
2676,342,2025-11-08,WhatsApp,87
2677,137,2025-11-28,WhatsApp,64
2678,282,2025-08-24,Telefone,43
2679,385,2025-09-17,WhatsApp,18
2680,57,2025-12-01,Email,18
2681,80,2025-10-01,Email,89
2682,122,2025-12-15,Reunião,56
2683,500,2025-07-29,Email,57
2684,246,2025-10-15,Reunião,64
2685,43,2025-09-10,Telefone,81
2686,79,2025-08-20,Telefone,33
2687,144,2025-11-29,Reunião,91
2688,127,2025-07-11,WhatsApp,27
2689,243,2025-12-02,Telefone,26
2690,438,2025-07-30,Telefone,31
2691,62,2025-11-25,WhatsApp,6
2692,141,2025-11-09,Telefone,56
2693,10,2025-07-24,Telefone,13
2694,443,2025-12-15,WhatsApp,54
2695,269,2025-10-11,Telefone,30
2696,173,2025-09-10,WhatsApp,9
2697,262,2025-09-10,Email,40
2698,57,2025-10-21,Reunião,37
2699,483,2025-09-30,WhatsApp,33
2700,164,2025-12-16,Telefone,7
2701,1,2025-12-15,Reunião,29
2702,147,2025-08-30,Reunião,79
2703,52,2025-09-09,Telefone,34
2704,486,2025-08-25,Reunião,44
2705,156,2025-11-30,Email,87
2706,7,2025-07-07,Telefone,44
2707,185,2025-09-27,Reunião,32
2708,333,2025-10-19,Telefone,76
2709,197,2025-12-06,Email,18
2710,323,2025-07-27,Email,7
2711,301,2025-07-14,Telefone,26
2712,361,2025-09-05,Email,11
2713,483,2025-08-11,Reunião,40
2714,372,2025-08-29,Telefone,70
2715,370,2025-11-19,Email,18
2716,99,2025-09-12,Reunião,73
2717,500,2025-10-01,Reunião,59
2718,323,2025-11-28,WhatsApp,10
2719,248,2025-09-12,Email,23
2720,307,2025-10-19,Telefone,39
2721,24,2025-08-06,Email,90
2722,98,2025-09-18,WhatsApp,89
2723,273,2025-08-19,Email,23
2724,225,2025-08-20,WhatsApp,73
2725,400,2025-09-20,WhatsApp,79
2726,140,2025-11-06,Telefone,2
2727,82,2025-08-04,Telefone,77
2728,357,2025-12-26,WhatsApp,66
2729,363,2025-08-16,Reunião,40
2730,437,2025-11-02,Reunião,92
2731,138,2025-08-09,Email,23
2732,115,2025-12-17,Telefone,39
2733,21,2025-07-18,Telefone,37
2734,475,2025-11-24,Reunião,8
2735,329,2025-10-26,Telefone,70
2736,60,2025-12-28,Reunião,82
2737,310,2025-09-25,Reunião,12
2738,485,2025-08-10,Reunião,94
2739,69,2025-09-15,Reunião,43
2740,30,2025-07-21,Email,47
2741,113,2025-10-18,Telefone,34
2742,498,2025-12-24,Email,94
2743,382,2025-07-05,WhatsApp,85
2744,132,2025-07-21,Telefone,58
2745,113,2025-10-06,Reunião,28
2746,298,2025-07-20,WhatsApp,21
2747,229,2025-10-30,WhatsApp,49
2748,76,2025-08-28,Email,65
2749,93,2025-09-02,Telefone,24
2750,97,2025-08-05,WhatsApp,95
2751,93,2025-07-16,Reunião,4
2752,159,2025-11-17,Telefone,52
2753,352,2025-07-26,Telefone,10
2754,74,2025-12-10,WhatsApp,33
2755,233,2025-07-16,WhatsApp,14
2756,371,2025-08-16,Telefone,95
2757,385,2025-12-25,Email,50
2758,197,2025-12-23,Email,3
2759,391,2025-07-17,Email,18
2760,128,2025-12-07,Reunião,20
2761,481,2025-07-21,Email,3
2762,491,2025-12-01,Reunião,92
2763,44,2025-11-07,Telefone,63
2764,389,2025-08-06,WhatsApp,22
2765,158,2025-10-05,WhatsApp,21
2766,125,2025-12-14,Reunião,82
2767,279,2025-11-27,Email,7
2768,53,2025-08-11,Reunião,15
2769,262,2025-09-13,Telefone,2
2770,468,2025-11-01,Email,31
2771,219,2025-09-21,Telefone,47
2772,336,2025-10-16,Telefone,89
2773,197,2025-07-06,Email,64
2774,87,2025-11-30,Telefone,15
2775,490,2025-10-17,Reunião,11
2776,316,2025-10-04,Email,48
2777,473,2025-12-07,Email,79
2778,78,2025-11-13,WhatsApp,69
2779,172,2025-07-28,Telefone,88
2780,218,2025-11-20,Reunião,81
2781,419,2025-10-16,Reunião,15
2782,139,2025-08-23,Reunião,35
2783,416,2025-12-09,Email,21
2784,399,2025-07-14,Telefone,42
2785,76,2025-09-20,WhatsApp,94
2786,408,2025-08-28,Email,16
2787,296,2025-09-10,Reunião,20
2788,47,2025-10-07,Telefone,25
2789,393,2025-09-21,Reunião,42
2790,254,2025-09-11,WhatsApp,90
2791,499,2025-09-14,Reunião,19
2792,411,2025-07-14,Telefone,51
2793,215,2025-08-10,WhatsApp,70
2794,274,2025-08-24,Telefone,51
2795,43,2025-08-02,WhatsApp,69
2796,296,2025-07-04,Telefone,91
2797,45,2025-10-29,Reunião,2
2798,105,2025-12-24,Reunião,73
2799,243,2025-11-24,Email,9
2800,467,2025-09-30,Reunião,19
2801,151,2025-09-02,Telefone,72
2802,498,2025-09-12,Telefone,28
2803,424,2025-11-01,Email,19
2804,61,2025-07-03,Telefone,50
2805,376,2025-12-22,WhatsApp,49
2806,28,2025-07-02,Email,86
2807,298,2025-12-10,WhatsApp,78
2808,446,2025-11-18,Email,20
2809,188,2025-11-22,Email,33
2810,40,2025-12-25,WhatsApp,21
2811,392,2025-11-12,WhatsApp,19
2812,384,2025-08-15,Reunião,62
2813,211,2025-10-03,WhatsApp,84
2814,356,2025-12-25,Reunião,16
2815,80,2025-12-13,Email,79
2816,385,2025-11-14,Telefone,3
2817,203,2025-09-11,WhatsApp,72
2818,365,2025-10-23,Reunião,92
2819,117,2025-09-11,Telefone,36
2820,499,2025-12-05,WhatsApp,18
2821,381,2025-11-04,WhatsApp,81
2822,29,2025-11-02,WhatsApp,25
2823,422,2025-08-07,Email,90
2824,240,2025-08-28,Reunião,85
2825,329,2025-09-16,WhatsApp,23
2826,28,2025-09-24,WhatsApp,26
2827,139,2025-12-01,Email,11
2828,186,2025-07-27,Reunião,5
2829,123,2025-10-17,Telefone,71
2830,55,2025-12-12,Telefone,78
2831,6,2025-10-10,Telefone,72
2832,104,2025-07-18,Email,32
2833,138,2025-12-07,Email,74
2834,405,2025-08-27,Email,8
2835,162,2025-12-05,Reunião,3
2836,183,2025-10-17,WhatsApp,66
2837,100,2025-10-09,WhatsApp,94
2838,183,2025-11-25,Email,44
2839,209,2025-08-22,Email,66
2840,414,2025-11-20,Email,77
2841,408,2025-09-22,WhatsApp,77
2842,445,2025-12-19,Reunião,22
2843,78,2025-07-07,WhatsApp,12
2844,454,2025-07-21,Email,93
2845,119,2025-11-03,Telefone,93
2846,83,2025-08-22,Reunião,59
2847,403,2025-11-25,Reunião,39
2848,185,2025-07-22,WhatsApp,7
2849,457,2025-07-07,WhatsApp,32
2850,107,2025-07-25,Email,21
2851,291,2025-07-21,WhatsApp,14
2852,413,2025-12-25,Telefone,41
2853,281,2025-12-06,WhatsApp,14
2854,233,2025-10-09,Telefone,39
2855,83,2025-12-11,Reunião,75
2856,187,2025-09-29,Email,11
2857,92,2025-09-02,Reunião,62
2858,132,2025-09-06,Telefone,17
2859,498,2025-08-05,WhatsApp,7
2860,187,2025-10-16,WhatsApp,54
2861,439,2025-07-23,Telefone,58
2862,188,2025-08-19,Reunião,49
2863,43,2025-07-07,WhatsApp,66
2864,231,2025-10-22,Email,81
2865,330,2025-12-14,Telefone,91
2866,421,2025-08-07,Email,21
2867,437,2025-12-02,Reunião,50
2868,82,2025-08-05,WhatsApp,11
2869,115,2025-09-20,WhatsApp,87
2870,48,2025-09-30,WhatsApp,61
2871,329,2025-08-14,WhatsApp,15
2872,44,2025-11-12,Email,52
2873,394,2025-09-09,Telefone,53
2874,169,2025-12-12,Reunião,45
2875,310,2025-08-26,Telefone,91
2876,380,2025-08-29,Email,37
2877,233,2025-12-19,Telefone,62
2878,75,2025-07-18,Telefone,42
2879,291,2025-12-20,WhatsApp,9
2880,480,2025-09-27,WhatsApp,62
2881,110,2025-12-15,Telefone,4
2882,488,2025-07-06,WhatsApp,36
2883,130,2025-07-19,Telefone,12
2884,73,2025-12-11,Reunião,53
2885,42,2025-10-13,WhatsApp,55
2886,269,2025-11-04,Reunião,25
2887,426,2025-12-15,Email,56
2888,176,2025-10-13,Telefone,27
2889,179,2025-09-12,WhatsApp,62
2890,275,2025-07-05,Telefone,91
2891,224,2025-09-29,WhatsApp,3
2892,288,2025-07-29,Telefone,11
2893,371,2025-07-11,Telefone,43
2894,341,2025-10-08,Email,21
2895,460,2025-09-02,Telefone,65
2896,443,2025-10-08,Email,88
2897,209,2025-10-22,Email,59
2898,483,2025-11-26,WhatsApp,83
2899,497,2025-08-02,Email,6
2900,112,2025-11-10,WhatsApp,91
2901,280,2025-11-16,WhatsApp,29
2902,179,2025-11-05,Telefone,88
2903,296,2025-12-25,Reunião,48
2904,9,2025-10-12,Reunião,66
2905,420,2025-11-27,WhatsApp,85
2906,234,2025-09-14,WhatsApp,47
2907,181,2025-08-12,WhatsApp,68
2908,499,2025-10-04,Email,24
2909,235,2025-09-10,Reunião,24
2910,284,2025-07-29,Telefone,71
2911,224,2025-09-22,Reunião,86
2912,353,2025-07-07,WhatsApp,83
2913,146,2025-07-02,Email,13
2914,413,2025-12-02,Email,85
2915,9,2025-07-24,WhatsApp,15
2916,255,2025-07-22,Email,83
2917,228,2025-08-22,Email,87
2918,149,2025-09-12,Telefone,30
2919,398,2025-09-03,WhatsApp,16
2920,101,2025-08-30,Email,46
2921,496,2025-09-01,WhatsApp,84
2922,361,2025-09-18,Email,49
2923,401,2025-11-01,Reunião,36
2924,451,2025-07-13,Reunião,41
2925,430,2025-09-13,Telefone,2
2926,461,2025-09-13,Email,3
2927,14,2025-11-19,Reunião,68
2928,420,2025-07-28,Reunião,44
2929,88,2025-08-04,WhatsApp,32
2930,285,2025-09-19,Telefone,80
2931,330,2025-09-19,Email,75
2932,220,2025-11-26,WhatsApp,95
2933,89,2025-09-16,Reunião,68
2934,82,2025-09-08,Telefone,14
2935,364,2025-11-26,Email,82
2936,296,2025-09-19,Reunião,72
2937,82,2025-10-07,Telefone,13
2938,48,2025-12-22,WhatsApp,3
2939,322,2025-07-30,Telefone,5
2940,317,2025-08-11,Email,75
2941,196,2025-12-22,Telefone,60
2942,325,2025-07-20,Reunião,25
2943,123,2025-07-14,Telefone,40
2944,100,2025-08-13,Telefone,94
2945,400,2025-09-23,Reunião,86
2946,27,2025-10-19,Email,20
2947,322,2025-12-23,Email,16
2948,236,2025-07-29,Email,15
2949,73,2025-10-17,Reunião,25
2950,48,2025-12-09,WhatsApp,48
2951,468,2025-11-05,WhatsApp,14
2952,252,2025-12-23,WhatsApp,11
2953,250,2025-07-21,Email,28
2954,352,2025-09-12,WhatsApp,42
2955,325,2025-09-04,Telefone,25
2956,153,2025-12-26,Telefone,86
2957,291,2025-07-20,Email,17
2958,500,2025-10-02,Reunião,63
2959,315,2025-07-28,Email,22
2960,268,2025-10-24,Email,26
2961,311,2025-12-21,Email,68
2962,263,2025-11-19,Telefone,48
2963,59,2025-11-03,Email,43
2964,71,2025-11-02,Email,95
2965,355,2025-11-26,Reunião,37
2966,247,2025-11-07,Email,46
2967,363,2025-08-09,Reunião,61
2968,382,2025-08-24,WhatsApp,67
2969,485,2025-09-17,Telefone,34
2970,89,2025-11-08,Reunião,52
2971,53,2025-08-01,Reunião,23
2972,407,2025-11-06,WhatsApp,57
2973,453,2025-09-05,WhatsApp,78
2974,383,2025-10-20,Reunião,81
2975,56,2025-07-26,WhatsApp,56
2976,103,2025-08-05,Reunião,49
2977,460,2025-07-20,Email,59
2978,86,2025-12-20,Reunião,77
2979,210,2025-10-14,Reunião,52
2980,16,2025-11-29,Telefone,43
2981,220,2025-11-11,Reunião,33
2982,38,2025-11-03,Reunião,49
2983,75,2025-10-09,Email,3
2984,164,2025-07-05,Email,93
2985,169,2025-11-04,WhatsApp,74
2986,408,2025-10-07,Telefone,73
2987,34,2025-09-21,Reunião,79
2988,109,2025-08-16,Telefone,15
2989,288,2025-10-18,Email,75
2990,458,2025-07-16,WhatsApp,89
2991,388,2025-09-08,Reunião,42
2992,102,2025-11-08,Email,65
2993,256,2025-12-17,Reunião,55
2994,62,2025-11-27,WhatsApp,23
2995,308,2025-10-06,WhatsApp,32
2996,296,2025-12-23,Reunião,4
2997,330,2025-08-03,Email,61
2998,146,2025-11-25,WhatsApp,6
2999,459,2025-08-14,Email,45
3000,331,2025-12-24,Email,62
